feature,importance,importance_std
soil_type_Sandy-Arid,0.04770248270248272,0.025276871930477677
humidity_pct,0.04126671939171942,0.02246724550104734
longitude,0.024710012210012216,0.013634509837867523
crowd_control_measures_No Formal Measures,0.021880064380064394,0.03519131369012697
distance_to_coast_km,0.018925518925518945,0.015356851316367862
soil_type_Rocky-Mountainous,0.004629629629629634,0.013966971322945243
pm10,0.004342185592185603,0.010937615639630567
so2,0.00295787545787546,0.013851552547737178
pm25,0.0021596459096459206,0.007991792426548005
annual_rainfall_mm,0.0013064713064713073,0.007035563301140323
extreme_weather_events_count,0.0006181318681318696,0.024616512669975724
pollution_composite,0.0001831501831501825,0.0003037202188970135
visitor_pressure_ratio,0.0,0.0
soil_type_Red-Laterite,0.0,0.0
air_quality_index,-2.2893772893743207e-05,0.00021597942152144482
footfall_growth_interaction,-0.003483183483183459,0.031776816144109744
latitude,-0.0057556332556332355,0.04944436208343104
vegetation_cover_pct,-0.0068284493284493045,0.015850529119797608
no2,-0.00945512820512817,0.02164038045559268
vandalism_incidents_count,-0.017675380175380166,0.03661426811940233
soil_type_Black (Regur),-0.023168498168498166,0.0304493720494892
environmental_hazard_composite,-0.023888380138380128,0.029357138209263056
physical_contact_allowed,-0.028167758167758152,0.02931501535112793
seismic_zone_rating,-0.029031709031709017,0.03685727500610881
crowd_control_measures_Moderate (staff+barricades),-0.031667915417915395,0.03213299889723888
temperature_variance,-0.042292938542938543,0.03188524874415045
avg_temperature_c,-0.044734432234432214,0.036300374129270854
climate_stress_index,-0.045253357753357745,0.033213088368650404
crowd_control_measures_Strict (ticketed timed-entry),-0.04703907203907205,0.04131268840744546
flood_risk_score,-0.04824134199134199,0.05454879712859945
elevation_m,-0.048257020757020735,0.03574328367864064
visitor_growth_rate_pct,-0.052887159137159134,0.030550130117109983
proximity_to_industrial_area_km,-0.0547008547008547,0.03836918627301163
flood_zone_flag,-0.0609533522033522,0.05365225027513331
avg_daily_footfall,-0.06148906648906648,0.030205699643401644
annual_visitor_count,-0.06274087024087023,0.03101738462019269
peak_season_footfall,-0.07954970954970951,0.04164545731954262
