site_id,site_name,avg_temperature_c,temperature_variance,humidity_pct,annual_rainfall_mm,air_quality_index,pm25,pm10,so2,no2,extreme_weather_events_count,avg_daily_footfall,annual_visitor_count,peak_season_footfall,visitor_growth_rate_pct,physical_contact_allowed,vandalism_incidents_count,latitude,longitude,elevation_m,distance_to_coast_km,flood_zone_flag,flood_risk_score,proximity_to_industrial_area_km,vegetation_cover_pct,seismic_zone_rating,crowd_control_measures_Moderate (staff+barricades),crowd_control_measures_No Formal Measures,crowd_control_measures_Strict (ticketed timed-entry),soil_type_Black (Regur),soil_type_Red-Laterite,soil_type_Rocky-Mountainous,soil_type_Sandy-Arid,condition_risk_label
SITE_001,Taj Mahal,0.33246839386989907,1.499959384528303,-0.31226806149749153,-0.08305911967897779,-1.625775963028439,-1.6878942046819192,-1.7304004845892302,0.3202200874209232,-1.262102675530664,-0.07769309688655066,1.3617014635728704,1.464130533238224,0.8347874676660368,-0.3430592048725938,-0.9045340337332909,-0.7633700367119738,0.8258137451396802,-0.017250716401020078,1.133907869252948,1.595117780528158,-0.515580046947248,-0.35257345604459234,-1.552778209162195,-1.239080276989668,0.11481404035729206,0,0,1,0,0,0,0,0
SITE_002,Agra Fort,0.16380972862201118,-0.8705577641929219,0.60221755787874,0.23563641011546502,0.2513542019537538,-0.11396004222093495,-0.38411443983661625,1.056598801734888,-0.4490611519833407,-0.940949728959335,-0.23437044254537706,-0.2366152003829755,-0.10382923435200618,-1.660406551583354,1.1055415967851334,0.08481889296799706,0.8265248659298032,-0.02104880034249084,0.43623534512454754,0.926118817412915,1.9395630337539331,1.9494525456211305,1.2653936552287601,0.2896748260771439,0.11481404035729206,0,0,0,0,1,0,0,1
SITE_003,Fatehpur Sikri,0.07948039599806761,0.5506356736152092,-0.08204790557060794,0.3947872062056442,0.7329351822112541,0.17439430815359633,0.22206671120382784,0.1908305458877198,-1.309153689624838,-0.940949728959335,-0.5488118550341305,-0.5302408334745845,-0.44534490814764904,-0.040069315129118876,-0.9045340337332909,-0.7633700367119738,0.812787305211517,-0.08492895501522546,-0.12881006869383518,-0.19639629672801703,-0.515580046947248,-0.7564376668631401,1.3540773852270767,-0.12284639221072591,0.11481404035729206,0,1,0,0,0,0,0,1
SITE_004,Sikandra (Akbar's Tomb),0.01623339653010956,1.4832066131592487,0.9475477917690652,0.01700103429851099,0.41964863053836415,0.39666745323396446,0.6449837933250678,-1.6263313977035887,-1.299743486806003,0.7855635351862337,-0.701723631170615,-0.6901509625093356,-0.6246163752498827,1.3958392927856096,-0.9045340337332909,-0.7633700367119738,0.8321006993978132,-0.03336544398126006,0.1325924449472072,1.7473338367425815,1.9395630337539331,1.989838966702985,0.08294392191786991,0.4231375731702785,0.11481404035729206,0,0,1,0,0,0,0,2
SITE_005,Red Fort,0.07948039599806761,0.37752370280164527,0.4231574366022752,0.30247449197181925,2.2087478636455296,1.9826163802938874,1.8256273142468629,1.3952949545718023,2.4662196812916677,-0.07769309688655066,3.611846862991688,3.652138962001935,3.4254013259288265,0.19705320727881787,-0.9045340337332909,-0.7633700367119738,1.0651867001967805,-0.16213857571112167,1.1862910841672627,1.0670596102040477,-0.515580046947248,-0.958369772272414,-1.560168519995388,1.5636374119661542,1.158578043605403,0,0,0,0,0,1,0,0
SITE_006,Qutub Minar,-0.17350760187376385,0.8075115012740468,-0.37621810481051476,0.2487676639182851,1.1342526657591712,1.2617305043575588,0.8247235532265946,2.1602154795180915,0.0020012364661388753,-0.940949728959335,0.6086330631781608,0.6105137490358202,0.9784163793010942,0.44076246642030853,-0.9045340337332909,-0.7633700367119738,1.0439015620015069,-0.1721763689850074,-0.3690281939504117,1.1027646110444678,-0.515580046947248,-0.5141191403720115,0.3095801208024573,1.909427256707457,1.158578043605403,0,0,0,0,0,0,0,0
SITE_007,Humayun's Tomb,0.3957153933378571,-0.9766586495302676,-0.29947805283488715,-0.3099671853917086,1.2870122240128945,0.6249479806138017,0.18682362102705782,-0.7158476385324463,-1.1347512640491004,0.7855635351862337,1.0572037359484838,1.127631820538985,0.7274186805285279,0.7459479350749679,-0.9045340337332909,0.08481889296799706,1.055020905265249,-0.16038422265244326,0.2435216059422269,0.2972096798027054,-0.515580046947248,-0.594891982535721,-1.1734089197249509,1.284578940771419,1.158578043605403,1,0,0,1,0,0,0,1
SITE_008,Jama Masjid Delhi,-0.11026060240580579,0.06480530391262643,0.8196477051430188,0.31009061917745484,1.061756604215031,0.6489775098116792,0.3806606169992928,-0.38476263519748505,1.1556921020552804,-0.07769309688655066,-0.021354615673164608,0.0029512992932788137,0.16393105238779648,0.5615193065354616,-0.9045340337332909,-0.7633700367119738,1.0642977992091271,-0.16351312037565327,0.8501654551337419,-0.19576989320450094,1.9395630337539331,2.1513846510304044,-1.488728848607855,0.36853917663217817,1.158578043605403,0,0,1,0,0,0,0,2
SITE_009,Purana Qila,-0.04701360293784849,0.12344000370431725,0.7876726834865072,-0.5023400536030225,1.0876480547665095,1.6522103538230701,1.0996196566054006,2.2439381240395755,2.621801701229736,2.5120767993318025,-0.0887507019760949,-0.06470190828091692,-0.09236009521652863,1.4836624492329937,1.1055415967851334,-0.7633700367119738,1.0575421517029577,-0.16175876731697486,-0.1343308486970595,-0.8484823647083243,-0.515580046947248,-0.19102777171717308,-0.3136694261301577,0.6961295558607807,1.158578043605403,0,0,0,0,1,0,0,1
SITE_010,Khajuraho Group of Monuments,-0.13134293556179205,0.16252980356544477,0.8260427094743217,-0.06887736557193219,-0.46324983326705355,-0.5284694208843238,-0.41935753001338627,-0.8928068644528564,-1.2094055397451893,-0.07769309688655066,-0.6736603427756244,-0.6617043512945877,-0.6712869491165567,-0.38697078309628574,1.1055415967851334,0.933007822647968,0.4470934388907409,0.32237033242248014,-1.2491432386504826,1.5011572520007364,-0.515580046947248,-0.9179833511905593,-1.1044326852818158,-0.7355617311382976,-0.9289499628908188,0,0,0,1,0,0,0,2
SITE_011,Sanchi Stupa,-0.004848936625875958,-0.3568061088752477,-0.018097862257584738,-0.22422009805929347,-0.6807380178994729,-0.5224620385848547,-0.6237674530386521,1.119390785126001,1.0804104795046021,-0.07769309688655066,-0.3265152556218424,-0.3277766986740202,-0.2619269061272043,-0.2003465756455947,1.1055415967851334,0.933007822647968,0.22850460510859966,-0.07192503904419044,-0.4488869186482154,0.2226676605042839,-0.515580046947248,-0.6352784036175757,1.1225143124536943,1.8851613026905232,-0.9289499628908188,0,0,0,1,0,0,0,3
SITE_012,Gwalior Fort,0.16380972862201118,1.1202299001630656,0.7429076531673908,0.07648561402528581,-0.2820096794067039,-0.15000433601775146,-0.2924824053770145,0.4886167701516361,-1.024965564496028,0.7855635351862337,-0.08477322803034819,-0.060520194018703274,-0.14608860085888112,1.0401555091737045,-0.9045340337332909,-0.7633700367119738,0.6729874226077821,0.005772906729893069,-1.1421941748670896,-0.3592612128422148,-0.515580046947248,-0.2718006138808827,-0.14122884002231956,0.0712812399247425,-0.9289499628908188,0,1,0,0,0,1,0,0
SITE_013,Orchha Fort Complex,0.2481390612459555,-1.1916525487664684,-0.4081931264670263,0.15330344877178317,0.7614157778178803,0.33058624793980096,0.7260429007316387,0.6836524761391847,0.1287253010931134,1.6488201672590181,-0.6144401751389512,-0.6043914289414247,-0.6503778262311092,0.5856706745584922,1.1055415967851334,3.4775746116878805,0.5309410447807035,0.09110319261493331,-1.2601847986569314,-0.13500875142343494,-0.515580046947248,0.2532228601832294,-1.4320697988867082,0.9873210040639828,-0.9289499628908188,0,0,0,1,0,0,0,1
SITE_014,Mandu (Jahaz Mahal),0.33246839386989907,-1.1916525487664684,-0.2675030311783756,0.03814235292105147,-0.19915703764197257,-0.11396004222093495,-0.13036419056387216,-0.13740027638400867,0.6306027847643005,0.7855635351862337,-0.08300546183223854,-0.12531320074739163,-0.11759220131457923,1.2860603472263796,-0.9045340337332909,-0.7633700367119738,0.04387178905483453,-0.4919750368568349,-0.5604580308064009,0.6780630221005214,1.9395630337539331,2.2321574931941135,1.218588353285204,-0.9721547828033994,-0.9289499628908188,0,0,0,0,0,1,0,2
SITE_015,Bhimbetka Rock Shelters,0.5854563917417305,-1.1162650776057226,-0.4017981221357239,-0.48605729888752547,0.041633452486777564,-0.017841925429424383,0.20092085709776553,0.30119221366604015,-0.637892555214625,0.7855635351862337,-0.09029749739944085,-0.0695325970836721,-0.08591973247122202,1.3629056091178404,1.1055415967851334,0.933007822647968,0.14066502569226463,-0.09550933170932387,-1.1972735846667002,-0.5465558663735423,-0.515580046947248,-0.4333462982083018,1.477249232446961,0.5262678777422461,-0.9289499628908188,0,1,0,0,0,1,0,1
SITE_016,Chanderi Fort,0.05839806284208134,-0.5187495654427755,-0.3058730571661891,-0.4435120365663885,0.7614157778178803,0.6910291859079652,0.5604003769008197,0.4733944711477298,0.008902051866617664,0.7855635351862337,-0.6497954991011441,-0.6623495045915146,-0.5558897645842134,-0.9775815102049431,-0.9045340337332909,-0.7633700367119738,0.42879824038121117,-0.00014125255039532125,-0.3091983455433756,1.318247423134022,1.9395630337539331,2.3129303353578234,-0.5353787511259498,-0.7355617311382976,-0.9289499628908188,0,0,1,1,0,0,0,2
SITE_017,Amber Fort,-0.004848936625875958,1.5446334415124485,-0.6192282694000032,-0.9543178094960889,-1.3565048772930623,-1.1592445623286116,-1.0572574622129234,-1.3190312365622312,0.1130416297283888,-0.07769309688655066,2.28469638976087,2.293820600547983,2.86685425003107,-0.5252922545009157,-0.9045340337332909,0.08481889296799706,0.7951709038198321,-0.41348130206644257,-0.6017996857142671,1.1196775061794038,1.9395630337539331,2.1513846510304044,0.7874868880156085,1.4059087108560866,-0.9289499628908188,0,0,0,0,0,0,0,0
SITE_018,City Palace Udaipur,0.14272739546602567,1.0504266861253382,-1.4058138021501883,-1.176235998763748,-0.5176218794251582,-0.6426096845742428,-0.3700172037659083,0.6256174611867922,-1.2953520588238803,0.7855635351862337,0.8004356956730575,0.7837332695801268,1.216621576730243,-1.7635987604090297,-0.9045340337332909,-0.7633700367119738,0.4058161093913256,-0.8055520815102525,1.2138949841833846,0.8929194306665592,-0.515580046947248,-1.0795290355179783,1.078172447454536,0.4534700156914454,-0.9289499628908188,1,0,0,0,0,0,0,0
SITE_019,Chittorgarh Fort,0.45896239280581513,-1.1581470060283592,-1.0796685812537699,-0.8065912042143633,0.020920292045594823,-0.34824795190024166,-0.06340231922800946,-1.593032618632544,-0.911415783815422,-0.940949728959335,-0.6274774508500098,-0.6284907386706609,-0.6736690010908482,0.08727426171958785,-0.9045340337332909,-0.7633700367119738,0.4562895236539228,-0.6315636647628835,0.07584396212336597,0.26463669657986555,-0.515580046947248,-0.15064135063531844,0.038602056918711596,0.15621207898400977,-0.9289499628908188,0,0,0,0,0,0,0,2
SITE_020,Kumbhalgarh Fort,0.3957153933378571,-0.8761420213159402,-1.0924585899163748,-0.8529445301383182,-1.5688147718151861,-1.7239384984787356,-1.7832651198543854,0.1080592950539798,0.741643178026551,-0.940949728959335,-0.058477705833467196,-0.08821784148499501,0.1027034942337856,-0.5055320443002541,-0.9045340337332909,-0.7633700367119738,0.4983102976157394,-0.8234935066051987,-0.3378293674205624,0.7682651294868464,-0.515580046947248,-1.1199154565998333,-1.3088979516668238,-1.093484552888067,-0.9289499628908188,0,1,0,0,0,0,1,2
SITE_021,Jaisalmer Fort,0.3957153933378571,-1.3089219483498504,-0.6575982953878168,-0.9105907343326982,0.3367959887736328,0.5588667753196381,0.8670152614387188,-1.560685233249243,-1.026847605059795,-0.940949728959335,-0.4038550267891395,-0.43147060227299056,-0.4755175664886746,0.7700993030979986,-0.9045340337332909,0.933007822647968,0.7834212489466632,-1.3067002145302968,-0.18067972267761745,0.6768102150534892,-0.515580046947248,-1.2410747198453975,-1.0428467616718735,-0.6809633346001972,-0.9289499628908188,0,1,0,0,0,0,0,3
SITE_022,Mehrangarh Fort,0.1216450623100394,0.8047193727125372,-0.7791033776825612,-1.0004085103439875,-1.2607065102525918,-1.1111855039328562,-1.2052784409553572,-0.8804387465121825,0.4718840305532876,0.7855635351862337,2.7865210192492462,2.859010553596404,2.8550322143068083,0.5198033072229542,-0.9045340337332909,-0.7633700367119738,0.6840421185269672,-0.9258789979988435,1.2135098134854856,0.7657595153927816,-0.515580046947248,0.21283643910137476,1.6817144988319694,-1.918526989463807,-0.9289499628908188,0,0,0,0,0,0,1,2
SITE_023,Hawa Mahal,0.2059743949339837,-1.353596005333996,-1.0093235336094444,-0.8668636591693073,-1.2141018992599306,-1.3935324720079183,-1.4590286902281013,1.211675972837183,-0.2696399515708913,0.7855635351862337,0.5734987099907316,0.6468665132891183,0.544441799244063,0.6010397269367843,-0.9045340337332909,-0.7633700367119738,0.7852152127581098,-0.41793048611216393,-1.2253910456133545,-0.6812326239295134,1.9395630337539331,1.060951281820325,0.3243607424688433,-0.8932904322483656,-0.9289499628908188,0,0,1,0,0,0,1,0
SITE_024,Ranthambore Fort,-0.17350760187376385,1.4217797848060483,-1.2139636722111187,-1.1730844978510713,0.1503775448029874,0.3125641010413929,0.6907998105548687,-1.2410169541672118,-0.12284078759706907,-0.07769309688655066,-0.10311380233573578,-0.06639599295004399,-0.31080308367377785,0.877682669746044,1.1055415967851334,0.08481889296799706,0.6386920063204838,-0.30454863740226384,0.05928162211369274,0.23456932745109088,-0.515580046947248,0.010904333692100846,0.4869475807990909,-0.966088294299166,-0.9289499628908188,0,0,0,0,0,0,1,3
SITE_025,Junagarh Fort Bikaner,-0.25783693449770817,-1.0715910206215769,-1.6552189710709788,-1.1852965638876938,-0.5538699101972283,-0.4443660686917522,-0.33477411358913833,-0.4637283112802489,-0.4164391155447136,-0.940949728959335,-0.7635954481044527,-0.7727445957425734,-0.796035893251674,0.4671094133545238,1.1055415967851334,2.62938568200791,0.9620580237928,-0.8727600811602756,1.1426384050720002,-0.847855961184808,-0.515580046947248,-0.9179833511905593,-0.11166759668954758,-0.8447585242144983,-0.9289499628908188,0,1,0,0,0,0,1,1
SITE_026,Nagaur Fort,0.16380972862201118,-0.510373179758248,-1.4697638454632116,-1.3124071006989921,-0.43476923766042697,-0.6305949199753039,-0.5603298907204662,-0.009913522226293827,0.44804485007890643,0.7855635351862337,-0.06687459527448802,-0.10583568516998072,0.07994166425722248,1.7010247614402692,-0.9045340337332909,-0.7633700367119738,0.8301612790611145,-0.7964366800507211,-0.359013755805028,0.28844003047347916,-0.515580046947248,-0.9987561933542687,-0.5008906339043822,0.8113928374412148,-0.9289499628908188,0,0,0,0,0,0,0,0
SITE_027,Ranakpur Jain Temple,0.3957153933378571,0.20161960342657184,-1.1372236202354906,-1.1046706655383787,-0.7273426288921345,-0.6906687429699979,-0.5250868005436963,0.9357718033913822,1.0942121103055598,-0.07769309688655066,-0.5468231180612572,-0.5378177226883457,-0.45557890922238287,1.733958445108038,1.1055415967851334,0.08481889296799706,0.4926374931308942,-0.8408019177098994,0.4162064688337799,-0.109326206959273,-0.515580046947248,-0.11025492955346361,-1.0058952075059082,-0.8568915012229652,-0.9289499628908188,0,1,0,0,0,0,1,0
SITE_028,Dilwara Temples,0.4378800596498289,-0.5187495654427755,-1.3482587631684675,-0.8914191037805809,-1.361683167403358,-1.525694882596245,-1.3568237287154683,-1.5150183362375245,-0.7941019220072819,-0.940949728959335,-0.6546568561459456,-0.6602866699135814,-0.5872975609859826,-1.126880876165496,1.1055415967851334,0.933007822647968,0.4123293293554075,-0.9804086317299556,-0.8601208337721142,-0.7325977128578374,-0.515580046947248,-0.4333462982083018,0.12235891302823278,-1.615202564252138,-0.9289499628908188,0,1,0,0,0,0,1,1
SITE_029,Bharatpur Lohagarh Fort,-0.17350760187376385,-0.5215416940042845,-2.115659282924746,-0.9411865556932689,0.47919896680676466,0.8832654194909864,0.7295672097493155,-1.2257946551633057,0.15005509414913906,-0.940949728959335,-0.8698823907657952,-0.8689157444123224,-0.8646742797701473,0.3243967841275247,1.1055415967851334,0.08481889296799706,0.8322946414314832,-0.11710415183368518,1.2637103944450372,-0.822173416720646,-0.515580046947248,-0.594891982535721,-1.345849505832789,-1.378609512587036,-0.9289499628908188,0,0,1,0,0,0,1,1
SITE_030,Deeg Palace,-0.025931269781862224,1.4580774561056664,-0.9070034643086076,-0.808429579746758,-0.856799881649527,-0.708690889868406,-0.5638541997381433,-0.5350828378610595,0.26799630281186776,-0.940949728959335,-0.8442497808932052,-0.8365135091825564,-0.7781263913708898,0.8249887758776135,1.1055415967851334,0.933007822647968,0.8744608719185519,-0.1465483454370842,-0.7547124527803188,0.6686669692477792,1.9395630337539331,2.3129303353578234,-0.008203245024844612,-0.917556386265299,-0.9289499628908188,0,1,0,0,0,0,1,0
SITE_031,Golconda Fort,0.16380972862201118,0.1290242608273353,-0.2802930398409799,-0.4370777222030067,0.502501272303095,1.057479506175599,1.092571038570047,0.7959169312929936,1.2987271849015685,-0.940949728959335,1.9125816050587894,1.9060841059688154,2.4624347592846925,0.6295822527821843,-0.9045340337332909,-0.7633700367119738,-0.756720925934602,0.047678432884119555,-0.1030036319345769,-0.49205875982763764,-0.515580046947248,-0.2314141927990279,1.0313671455109799,0.05914826291627556,-0.9289499628908188,1,0,0,1,0,0,0,0
SITE_032,Charminar,0.3535507270258853,-0.27862650915299286,0.6661676011917632,-0.5250571226819011,2.2760656350793735,2.2108969076737246,1.6494118633630128,-0.6882572215878661,2.6412494537219944,-0.940949728959335,1.6315067795593554,1.5145422896234695,2.0723075803840643,-0.2508448906028405,-0.9045340337332909,-0.7633700367119738,-0.7602280443767997,0.06098981279327355,0.3244074525010956,1.6878255020085478,-0.515580046947248,-0.7160512457812853,-1.520753528885025,0.8781242109877822,-0.9289499628908188,0,0,0,0,0,1,0,2
SITE_033,Qutb Shahi Tombs,0.18489206177799744,-0.5885527794805029,0.3975774192770661,-0.09408937287334662,-0.38557548161261795,-0.6966761252694674,-0.8140801399932104,0.8092364429214113,0.2585860999930331,0.7855635351862337,-0.3134779799107838,-0.3312170916750068,-0.46175459952610154,0.9237898268809205,1.1055415967851334,0.933007822647968,-0.754619887236511,0.04673795495575502,1.1735804511365833,0.5653103878676152,-0.515580046947248,0.010904333692100846,0.11496860219503978,1.0904513086359506,-0.9289499628908188,0,0,0,1,0,0,0,2
SITE_034,Warangal Fort,0.01623339653010956,-0.35959823743675673,0.0010871507363220414,-0.04235223289023575,0.5232144327442783,0.510807716923883,0.7507130638553778,0.833972678802759,-0.1328783372704928,1.6488201672590181,-0.14421436644178506,-0.10462307719628977,-0.04577774549705061,-0.2552360484252097,-0.9045340337332909,-0.7633700367119738,-0.6654065517483471,0.2647118009681555,-0.14473045754034247,-0.0842700660186272,-0.515580046947248,-1.0795290355179783,-0.9073577297300007,0.7264619983819476,-0.9289499628908188,0,0,0,1,0,0,0,0
SITE_035,Ramappa Temple,0.3746330601818708,0.14856916075789908,0.09701221570585684,-0.498794615076261,0.712222021770071,0.8772580371915168,0.5216329777063728,-0.6796946783981688,-1.0563329072254772,-0.940949728959335,-0.3757917383941488,-0.3865111236518041,-0.49457398228300653,-0.3145166790271939,1.1055415967851334,0.933007822647968,-0.6161937607046044,0.3278142527385889,0.6121299638319285,0.6273243366957139,-0.515580046947248,-1.1199154565998333,1.612738264388834,-0.8508250127187318,-0.9289499628908188,0,0,0,0,0,1,0,2
SITE_036,Mysore Palace,0.8806090559255345,-0.10830666690093799,0.4167624322709728,-0.286068303470576,0.9504233668436738,0.6730070390095572,0.8564423343856878,1.3153778848012943,2.971861246090389,-0.07769309688655066,2.5145059955151243,2.5048844441031424,1.5855749603038363,-0.8963450904911129,1.1055415967851334,0.08481889296799706,-1.5774351269172926,-0.26808703156414604,-0.8344427872454893,-1.0407882464277807,-0.515580046947248,0.13206359693766512,0.9623909110678446,0.9933874925682163,-0.9289499628908188,0,0,0,0,1,0,0,1
SITE_037,Hampi (Virupaksha Temple Complex),0.6908680575216604,1.2905497424151204,0.9987078264194836,0.14805094725065515,0.3626874393251113,0.7631177735015983,0.35951476289323053,0.4810056206496828,-0.32421912792013297,-0.07769309688655066,2.1876902196396033,2.0316953891931013,1.5999554962967812,-1.4430442393760785,-0.9045340337332909,-0.7633700367119738,-1.0877638155730187,-0.3033911261058158,-0.8936306844893599,1.5825897100578352,-0.515580046947248,-1.0391426144361235,-0.6585505983458342,-0.3351734898588943,-0.9289499628908188,0,0,0,0,1,0,0,0
SITE_038,Belur Chennakeshava Temple,0.9438560553934925,1.5390491843894305,0.6277975752039492,-0.3062904343269189,0.27983479756038,0.13234263205731076,-0.17265589877599627,-1.5578310521860108,0.6707529834579956,0.7855635351862337,-0.6774168459466073,-0.6928583136102602,-0.5740639389065855,-1.3925459244188325,1.1055415967851334,2.62938568200791,-1.438815058351716,-0.4114013989556376,-1.0197098929350885,0.3222658207433512,-0.515580046947248,-1.160301877681688,0.03367518302991615,1.242113521241785,-0.9289499628908188,0,1,0,0,1,0,0,2
SITE_039,Halebidu Hoysaleswara Temple,0.9438560553934925,-0.21999180936130178,-0.4081931264670263,0.22460615692109637,-0.2250484881934511,0.054246662164208224,0.39475785307000055,0.7473958532180422,-1.5124140705116684,-0.07769309688655066,0.07101116817806445,0.04038802298524388,0.16560731118452013,-0.2969520477377171,1.1055415967851334,-0.7633700367119738,-1.430637169265301,-0.38770858960646365,0.6140558173214254,1.1102814533266616,-0.515580046947248,0.051290754773955484,-0.7669418238993324,-0.16531181174035975,-0.9289499628908188,0,0,1,0,0,0,0,3
SITE_040,Pattadakal Monuments,0.1216450623100394,0.5897254734763367,0.6917476185169724,0.1401721949689631,0.5775864789023829,0.8592358902931084,1.1489599828528787,-1.5340462099924073,-0.9302361894530915,0.7855635351862337,0.09332921642919874,0.08153644797483021,0.20521995327551565,1.6285706573711773,1.1055415967851334,0.933007822647968,-0.9886109508592715,-0.419811441968893,-0.890549318906165,-0.7576538537984832,-0.515580046947248,-0.8775969301087044,0.9328296677350723,-0.3169740243461943,-0.9289499628908188,0,0,1,0,1,0,0,3
SITE_041,Badami Cave Temples,0.45896239280581513,0.5953097305993548,0.09701221570585684,-0.5779760755072659,0.6578499756119662,0.8652432725925779,0.5744976129715278,0.8368268598659916,-0.5952329691025741,-0.07769309688655066,-0.3676158197278917,-0.35547370926637617,-0.36214953734183886,-1.2278775060799876,1.1055415967851334,-0.7633700367119738,-0.99363728189855,-0.44505965712266937,-0.636721828990477,0.32539783836093195,-0.515580046947248,-0.7968240879449949,-0.3383037955741346,-0.5778330300282296,-0.9289499628908188,1,0,0,0,1,0,0,3
SITE_042,Aihole Temple Complex,0.5222093922737732,-0.2646658663454474,0.8772027441247401,-0.3203408758959364,-1.1752647234327127,-1.3634955605105712,-1.3709209647861762,0.43819290470119654,0.7592088899550425,-0.07769309688655066,-0.19326987843932777,-0.15100851655964745,-0.3969098513370554,-1.2059217169681415,-0.9045340337332909,-0.7633700367119738,-0.9769097814945193,-0.40800120952231866,0.6539851796703272,0.4312600338351603,-0.515580046947248,-0.2314141927990279,1.3171258310611114,1.964025653245558,-0.9289499628908188,0,1,0,0,0,0,0,3
SITE_043,Bidar Fort,0.31138606071391356,-1.0632146349370497,1.0498678610699028,-0.005190784628254737,0.1529666898581351,0.2645050426456374,0.17272638495634965,1.0204458416006104,-0.1560901708902853,-0.940949728959335,-0.21779763443809913,-0.20960919801092134,-0.25654523314824945,0.6778849888282453,-0.9045340337332909,-0.7633700367119738,-0.6702389407539562,-0.11169640374558913,0.26008394595190015,1.659637343450321,-0.515580046947248,0.010904333692100846,-0.03530105141321904,-1.093484552888067,-0.9289499628908188,0,1,0,0,0,0,0,2
SITE_044,Gol Gumbaz,0.31138606071391356,-1.2782085341732503,-0.5169082000991659,-0.3968960855663773,-0.48914128381853206,-0.3602627164991806,-0.4475520021548022,-0.4389920753989011,1.2065071972769879,0.7855635351862337,-0.021133644898400902,-0.003054421920957358,-0.016222656186396935,-0.6416579367936994,1.1055415967851334,-0.7633700367119738,-0.8461120416202963,-0.43431650540251027,-1.313081574501779,0.5352430187388406,-0.515580046947248,-0.6352784036175757,0.32189730552444573,0.47773596970837884,-0.9289499628908188,0,1,0,0,1,0,0,0
SITE_045,Brihadeeswarar Temple Thanjavur,0.8173620564575764,-0.7616647502940671,0.9091777657812516,-0.2672906105325434,-0.2897771145721474,-0.06590098382517988,0.010608170143207838,0.2488655608401127,-0.7388953988034513,-0.940949728959335,0.08294359001530456,0.05401585146268032,0.29529680756261234,-1.1795747700339263,1.1055415967851334,1.7811967523279388,-1.8234829202998664,0.1798336679332899,0.847340870015813,-1.2656671113700768,-0.515580046947248,0.010904333692100846,1.2530764705067716,1.951892676237091,-0.9289499628908188,0,0,0,0,1,0,0,2
SITE_046,Meenakshi Amman Temple,0.29030372755792727,-1.0073720637068677,-0.08844290990191035,0.3094340564873138,-0.20951361786256414,0.06626142676314721,0.2960772005750446,-0.3857140288852293,-0.21757016264000575,3.375333431404587,0.8603187756340218,0.9153088772128242,0.5114459681927661,1.4353597131869322,-0.9045340337332909,-0.7633700367119738,-1.9630080516892359,-0.003288236387615496,0.942863203094858,-1.2719311466052383,1.9395630337539331,1.3840426504751633,-0.6757946569566179,0.6536641363311468,-0.9289499628908188,0,0,0,0,0,0,0,0
SITE_047,Shore Temple Mahabalipuram,0.5854563917417305,-1.1721076488359046,0.9859178177568797,0.07674823910134228,-0.33379258050966093,-0.36627009879865013,-0.6590105432154222,1.1517381705093022,-1.3179365455890837,-0.940949728959335,-0.8862342280983094,-0.8892199223583525,-0.8358249836370615,1.0291776146177813,-0.9045340337332909,-0.7633700367119738,-1.5270586836715305,0.3717092514335849,1.1163184073822097,-1.3715293068443055,-0.515580046947248,-0.7968240879449949,-1.0034317705615106,-0.7173622656255972,-0.9289499628908188,0,1,0,0,1,0,0,1
SITE_048,Rock Fort Temple Tiruchirappalli,0.269221394401941,-1.2837927912962683,0.282467341313624,-0.13098819605927103,-0.8516215915392313,-1.1111855039328562,-1.2440458401498042,-0.5445967747385009,-1.4434059165068804,-0.07769309688655066,-0.6422824927591781,-0.6401971184839031,-0.6574357580067877,-0.7755882503759599,-0.9045340337332909,-0.7633700367119738,-1.816387874234775,0.10101438309077096,-1.5450827248698353,-1.3947062372144028,-0.515580046947248,0.051290754773955484,0.6988031580172919,-0.7234287541298307,-0.9289499628908188,0,1,0,0,0,0,0,3
SITE_049,Gingee Fort,0.3535507270258853,-0.2730422520299748,-0.5424882174243751,-0.1714324577719569,-1.3720397476239494,-1.1712593269275504,-1.3427264926447604,-0.18021299233249494,-0.17804731080089958,-0.940949728959335,-0.250943250652655,-0.278247649563741,-0.04771867673536219,0.003842263094573066,-0.9045340337332909,0.08481889296799706,-1.5855968541675685,0.23108971502913633,-0.8928603430935611,-1.301372112210497,1.9395630337539331,2.2321574931941135,-1.101969248337418,0.8963236765004822,-0.9289499628908188,0,0,0,0,0,0,0,2
SITE_050,Fort St. George Chennai,0.48004472596180064,0.9136123866113922,-0.12681293588972437,0.27463623390984065,1.9291201976895613,1.502025796336335,1.4379533223023928,1.534198432982447,-0.361232592340883,-0.940949728959335,-0.027983738916075786,-0.01529513896630404,-0.12906134045005677,-1.423284029175417,-0.9045340337332909,-0.7633700367119738,-1.452229382347219,0.3887644569421894,-1.515938142062116,-1.430411238054823,1.9395630337539331,2.3129303353578234,-1.7547800386028052,0.06521475142050903,-0.9289499628908188,0,1,0,0,1,0,0,2
SITE_051,Airavatesvara Temple Darasuram,0.8384443896135627,-1.3368432339649416,0.5958225535474376,-0.12507913184800198,-1.273652235528331,-1.465621059601551,-1.5365634886169954,1.030911172165796,-1.5939691616082368,-0.940949728959335,-0.8376206576502941,-0.836581654693683,-0.8480881400973028,0.3726995201735858,-0.9045340337332909,-0.7633700367119738,-1.8004038182931459,0.24179669452128283,-1.5305746285822923,-1.4160039570139518,-0.515580046947248,-0.029482087389753973,-0.3087425522413626,1.4180416878645534,-0.9289499628908188,1,0,0,0,1,0,0,2
SITE_052,Padmanabhapuram Palace,-0.004848936625875958,-1.1441863632208136,1.120212908714228,2.1067087644792957,-0.18880045742138102,-0.08993051302305742,0.18329931200938054,-1.6643871452133545,0.8947158105462629,-0.07769309688655066,-0.3521478654944323,-0.34702685025636404,-0.3409757420148034,0.5285856228676926,1.1055415967851334,-0.7633700367119738,-2.233541026822637,-0.14634939818300827,-1.5390483839360785,-1.4617314142306304,-0.515580046947248,0.33399570234693904,-1.4394601097199011,-0.6748968460959638,0.11481404035729206,0,0,1,0,1,0,0,2
SITE_053,Mattancherry Palace,0.6697857243656749,1.1425669286551385,2.207363645035622,1.4341259446988521,-0.486552138763384,-0.38429224569705817,-0.04225646512194716,-0.6121457265683348,0.7761472550289449,1.6488201672590181,-0.07350371851739919,-0.06324728821163639,-0.18623058783305255,0.8469445649894595,1.1055415967851334,0.08481889296799706,-1.9567210974311027,-0.33961761246184247,0.011135284876270921,-1.2763159712698513,1.9395630337539331,1.3840426504751633,0.9180490460686862,-0.12891288071495938,0.11481404035729206,1,0,0,0,0,0,0,3
SITE_054,Bekal Fort,0.45896239280581513,-0.510373179758248,0.7812776791552053,1.1103092259213097,-0.7661798047193522,-1.063126445537101,-1.1770839688139412,0.4600749595193118,0.46623790886198696,1.6488201672590181,-0.8190591125701429,-0.8140420492331281,-0.8189741715226291,1.3519277145619177,-0.9045340337332909,-0.7633700367119738,-1.5637783753797023,-0.561570403555782,-0.857681419352085,-1.305130533351594,-0.515580046947248,-0.5141191403720115,1.2974183355059303,0.7749939064158144,0.11481404035729206,0,0,0,0,1,0,0,1
SITE_055,Hill Palace Tripunithura,0.1216450623100394,-1.043669735006486,1.0114978350820885,2.2407788658060888,-0.3493274508405479,0.07226880906261669,-0.3171525685007533,-1.6301369724545656,1.3062553471566365,-0.07769309688655066,-0.5976463962569095,-0.5785069615702475,-0.669875362761421,-0.6262888844154072,1.1055415967851334,0.933007822647968,-1.9582241481920444,-0.3238646071617417,0.4624269525817048,-1.2957344804988518,-0.515580046947248,-0.6352784036175757,1.5043470388353355,-0.5475005875070627,0.11481404035729206,0,0,0,0,0,0,0,2
SITE_056,Elephanta Caves,0.6908680575216604,1.217954399815884,0.44873745392748443,-0.04576635887896885,-0.9551873937451454,-1.1952888561254278,-1.1101220974780783,-0.8090842199313719,0.3351224162528891,-0.07769309688655066,-0.5857139744196694,-0.6004224305737556,-0.6192347022709278,1.2465399268250568,-0.9045340337332909,0.08481889296799706,-0.5013639149358716,-0.9415596588429138,0.5661662605492697,0.9305036420775279,-0.515580046947248,-0.5141191403720115,-0.8999674188968075,-0.7476947081467641,0.11481404035729206,0,0,0,0,0,1,0,1
SITE_057,Ajanta Caves,0.3957153933378571,-0.7756253931016125,-0.1396029445523292,0.3089088063352009,-0.08005636510517154,-0.011834543129955319,-0.08454817333407126,0.3202200874209232,0.5183076977928726,1.6488201672590181,1.2149768691297698,1.1578241032116567,1.8363962107820107,0.7086230935848297,-0.9045340337332909,-0.7633700367119738,-0.24461698602917387,-0.44024875079680625,-0.13394567799916018,-0.24838778917985715,-0.515580046947248,0.17245001801951995,1.1028068168985128,-0.4807692139604954,0.11481404035729206,0,1,0,1,0,0,0,3
SITE_058,Ellora Caves,0.33246839386989907,-1.445736247863796,0.2888623456449264,0.227101095143632,-0.6056528113001853,-0.8768975942535496,-0.6413889981270372,-0.5132007830429441,0.3909562863113087,-0.940949728959335,2.564224419836958,2.526351553855874,3.427165808872746,0.9150075112361822,-0.9045340337332909,0.08481889296799706,-0.3296444059572953,-0.535255107675593,-0.6331269024767496,0.8440599558322999,-0.515580046947248,0.2532228601832294,-0.22991257002063653,-0.61423196105363,0.11481404035729206,1,0,0,1,0,0,0,2
SITE_059,Gateway of India,0.7541150569896183,-0.9375688496691403,0.8324377138056236,-0.3995223363269413,3.76223489673424,3.0819673410967883,2.939308963832795,1.7568245559145754,2.513898042240431,-0.07769309688655066,2.5889731466104933,2.746416973619094,2.0992159452788384,1.3409498200059946,1.1055415967851334,1.7811967523279388,-0.5080387532613447,-0.9590670172016931,0.873789257938237,0.9323828526480764,1.9395630337539331,0.9801784396566154,-1.535534150551411,1.248180009746018,0.11481404035729206,1,0,0,1,0,0,0,1
SITE_060,Chhatrapati Shivaji Maharaj Terminus,0.564374058585745,0.7600453157283916,0.36560239762055446,0.2134445911886993,1.253353338295972,1.8084022936092743,2.234447160297395,2.042242662237818,-0.9289814957439135,-0.940949728959335,-0.868556566117213,-0.8724217354286925,-0.8644978314757553,0.32659236303870925,1.1055415967851334,0.933007822647968,-0.505161946428574,-0.9589223282896373,-0.7995206439692795,1.043256276310434,-0.515580046947248,0.09167717585581031,-1.7769509711023845,-1.1966148574600346,0.11481404035729206,0,1,0,0,0,1,0,1
SITE_061,Raigad Fort,0.5854563917417305,-1.4150228336871962,0.05864218971804283,0.4196052758929743,0.19957130085079675,0.6069258337153937,0.49343850556495694,-0.7377296933505614,0.17326692776893132,-0.07769309688655066,-0.4906965412712759,-0.5065726873998593,-0.4022915243160103,-0.19595541782322548,1.1055415967851334,2.62938568200791,-0.6190705675373751,-0.8495917691173042,0.928355106807315,-0.6874966591646748,-0.515580046947248,-0.06986850847160879,-1.1413842394477811,1.2360470327375521,0.11481404035729206,0,0,1,1,0,0,0,2
SITE_062,Shaniwar Wada,0.45896239280581513,1.3882742420679388,-0.22913300519056157,-0.11785694225645096,-0.6859163080097687,-0.7327204190662837,-0.9092364834704892,-1.1982042382187255,0.39660240800260976,-0.940949728959335,-0.2904970193353584,-0.28157149463448317,-0.3628553305194067,-0.9929505625832354,1.1055415967851334,0.933007822647968,-0.5730901437214643,-0.7744801376462206,1.115419675753778,1.5437526915998343,-0.515580046947248,0.13206359693766512,0.18640827358257286,1.1207837511571175,0.11481404035729206,0,0,0,0,0,1,0,0
SITE_063,Daulatabad Fort,0.7119503906776466,-0.7365355932404852,0.6597725968604609,-0.5052289294396428,0.6190127997847484,0.372637924036087,0.10576451362048693,-1.1306552863888915,-0.08269058890337405,-0.07769309688655066,-0.6939896540538852,-0.6950415174620524,-0.6640525690464862,1.4573155022987785,-0.9045340337332909,0.933007822647968,-0.3428971115914067,-0.527568509222616,0.8048437030142489,-0.36677805512440864,-0.515580046947248,-1.0795290355179783,-0.7743321347325254,0.3139407800940778,0.11481404035729206,1,0,0,0,0,1,0,0
SITE_064,Basilica of Bom Jesus,0.07948039599806761,-0.004997910125101046,1.7788983548383668,2.7303120075752205,-0.3778080464471745,-0.6726465960715899,-0.7858856678517943,-0.8090842199313719,0.6337395190372458,3.375333431404587,-0.8508789041361164,-0.8573214544117742,-0.8385599322001369,-0.8678025646457131,1.1055415967851334,-0.7633700367119738,-1.0609513294181523,-0.7643338276882918,-0.02481398026100404,-1.2813271994579805,-0.515580046947248,-0.029482087389753973,1.4698589216137685,-0.5414340990028292,0.11481404035729206,0,0,1,0,1,0,0,1
SITE_065,Se Cathedral Goa,0.16380972862201118,-0.5494629796193756,0.8899927527873449,1.9831436661947588,0.5283927228545736,0.6669996567100878,0.6943241195725456,-1.1915444824045165,-0.875029666249261,0.7855635351862337,0.055985155494132445,0.08557550247543316,0.1602256382055653,0.603235305847969,1.1055415967851334,-0.7633700367119738,-1.0605634453508124,-0.7641891387762362,0.5838841126526411,-1.3126473756337877,-0.515580046947248,-0.958369772272414,1.078172447454536,1.8366293946566563,0.11481404035729206,0,0,0,0,0,0,0,2
SITE_066,Fort Aguada,0.6697857243656749,-0.5745921366729575,1.3824080862976227,1.649215881989045,0.3057262481118585,0.6009184514159241,0.31017443664575284,1.09846012399563,-1.2658667566581978,-0.07769309688655066,0.034330019567289274,0.015030250358941934,-0.08794888785672958,0.7261877248743065,-0.9045340337332909,-0.7633700367119738,-1.0624058946706767,-0.7892564927899416,0.5452386526300703,-1.3320658848627882,-0.515580046947248,-0.7160512457812853,0.5559238152422261,0.21687696402634357,0.11481404035729206,0,0,0,0,0,0,0,2
SITE_067,Rani ki Vav,-0.004848936625875958,1.1146456430400475,-1.482553854125816,-1.237033703870805,-0.49690871898397554,-0.6666392137721204,-0.5180381825083421,0.8320698914272708,0.9574504960051613,-0.940949728959335,-0.7395096336552087,-0.7344589190942376,-0.7521884920952714,-0.8129130918660982,1.1055415967851334,0.08481889296799706,0.29063070322753165,-1.0902998604365064,1.242140835362672,1.3220058442751186,-0.515580046947248,0.13206359693766512,-0.6240624811242665,-1.0813515758796004,1.158578043605403,0,0,0,0,0,0,1,0
SITE_068,Modhera Sun Temple,0.2270567280899692,-0.7225749504329395,-1.8854391269978623,-1.2027611314454445,0.7717723580384719,1.2437083574591508,1.5260610477443177,-0.15167118170017063,-0.17491057652795486,-0.07769309688655066,-0.7087946959630536,-0.7176772908869073,-0.6800211396889588,-1.3200918203497407,-0.9045340337332909,-0.7633700367119738,0.2457331224329444,-1.0862304847849293,-0.34720185440278045,1.2004835607129867,-0.515580046947248,-0.7968240879449949,0.9944155913450144,-0.24417616229539355,1.158578043605403,0,0,1,0,0,0,0,3
SITE_069,Champaner-Pavagadh Archaeological Park,0.18489206177799744,-1.0799674063061042,-0.6192282694000032,-1.2652658995468682,-0.4140560772192442,-0.029856690028363365,-0.27838516930630625,-0.04321230129733855,-1.0092818931313035,-0.940949728959335,-0.002130158268722197,-0.04141270219797012,-0.2387239554146613,0.7613169874532602,-0.9045340337332909,-0.7633700367119738,0.06813070509971361,-0.8327716830907909,0.24121058175483073,-0.24901419270337327,-0.515580046947248,-1.2410747198453975,-0.8359180583424676,-1.1966148574600346,1.158578043605403,1,0,0,0,0,0,1,0
SITE_070,Somnath Temple,-0.11026060240580579,-1.119057206167232,-1.6296389537457696,-0.8497930292256411,-0.08782380027061502,-0.1019452776219964,-0.16560728074064215,-0.10980985943942867,-1.069507191171846,1.6488201672590181,-0.5645007800423536,-0.5694092173978866,-0.5917969924929777,-1.1642057176556342,-0.9045340337332909,0.08481889296799706,-0.19029705476545636,-1.399192601562109,0.12848395750294717,1.6395924306978042,1.9395630337539331,1.303269808311454,1.3097355202279188,-2.2279179031797094,1.158578043605403,0,1,0,0,0,0,1,0
SITE_071,Lakhota Fort,-0.04701360293784849,1.3436001850837938,-2.058104243943025,-1.1519431792285308,-0.7765363849399435,-0.5524989500822017,-0.4510763111724792,0.5361864545388432,0.7184313444067583,-0.940949728959335,-0.5848300913206146,-0.5751945802303491,-0.478428963346142,-1.126880876165496,1.1055415967851334,0.08481889296799706,0.028113998819153375,-1.6584389597384903,-0.3112525892655055,-0.27908156183214833,1.9395630337539331,1.9494525456211305,-0.7102827741781856,1.5272384809407542,1.158578043605403,0,0,0,0,0,0,0,0
SITE_072,Junagadh Uparkot Fort,0.627621058053703,-0.1390200810775379,-2.134844295918653,-0.9956812589749722,0.9089970459613083,0.6369627452127407,0.20092085709776553,-0.3267276202450925,-1.2414002293292274,-0.940949728959335,-0.712993140683564,-0.7176174247369458,-0.7621578207284172,-1.5725833951359698,-0.9045340337332909,0.933007822647968,-0.08715221652533678,-1.3889377749201397,0.6089202080161005,0.39868705061232085,1.9395630337539331,1.5859747558844373,1.0239768346777867,-0.5475005875070627,1.158578043605403,0,0,0,0,0,0,0,3
SITE_073,Adalaj Stepwell,0.33246839386989907,-0.27862650915299286,-1.6296389537457696,-0.8471667784650772,0.21769531623683142,0.1924164550520048,0.3277959817341378,0.08998281498684102,-0.2276077123134295,-0.07769309688655066,-0.18708269674594402,-0.17752476287510058,-0.07877357654834755,-1.43426192373134,1.1055415967851334,3.4775746116878805,0.17796654350144597,-1.00524086626157,-0.7473942095202307,-0.22583726233327597,-0.515580046947248,-0.15064135063531844,0.5460700674646352,-1.1480829494261675,1.158578043605403,0,1,0,0,0,0,1,0
SITE_074,Dholavira,-0.068095936093834,0.5981018591608643,-2.077289256936932,-0.886954477487622,-0.49690871898397554,-0.174033865215629,0.01765678817856194,1.2468775392837161,-0.05445998044687004,-0.07769309688655066,-0.8581709397033188,-0.8524436369377727,-0.8474705710669309,-1.7570120236754763,-0.9045340337332909,-0.7633700367119738,0.2942186308504249,-1.4332125820092825,0.04451674536088339,1.5437526915998343,-0.515580046947248,-0.2314141927990279,-0.8975039819524098,-0.9296893632737656,1.158578043605403,0,0,1,0,0,0,1,3
SITE_075,Lothal,0.627621058053703,-0.35959823743675673,-1.4953438627884208,-0.9434188688397483,-0.20692447280741605,0.0061876037684531525,0.021181097196238736,0.9966609994070069,-0.38507177281526433,-0.07769309688655066,-0.40937929615823215,-0.42823209830964054,-0.5363040039067056,-1.489151396510955,-0.9045340337332909,-0.7633700367119738,0.07394896610981148,-1.0649612147126946,0.7818618513729194,-0.6724629746002874,-0.515580046947248,-1.0391426144361235,1.6669338771655835,-0.9054234092568321,1.158578043605403,1,0,0,0,0,0,1,3
SITE_076,Konark Sun Temple,0.2481390612459555,-0.13343582395451983,-0.395403117804422,-0.47699673376357965,0.06493575798310837,0.2284607488488209,0.36656338092858465,-1.620623035577124,-0.6585950014160613,-0.940949728959335,1.3367317660245717,1.2681555069691393,0.7344766123042064,0.17070626034460262,-0.9045340337332909,-0.7633700367119738,-0.35198006350161476,1.439115527898884,-1.511701264385223,-1.3965854477849513,1.9395630337539331,1.060951281820325,-1.267019523612063,-0.966088294299166,-0.9289499628908188,1,0,0,0,0,0,0,0
SITE_077,Jagannath Temple Puri,0.564374058585745,1.1593197000241933,0.5254775059031125,-0.35001750949030974,-1.328024281686436,-1.3995398543073878,-1.4801745443341634,-0.842382999002417,0.36774445269151645,-0.07769309688655066,2.279614061941305,2.1500170133486542,1.6604772612732241,1.5012270805224703,-0.9045340337332909,0.08481889296799706,-0.36536206382483916,1.3891255087835288,-1.544569163939303,-1.3934534301673707,1.9395630337539331,0.9397920185747608,1.1841002360636366,0.5687332972718796,-0.9289499628908188,0,0,1,0,0,1,0,2
SITE_078,Lingaraj Temple,0.3535507270258853,0.6706972017601008,0.4359474452648796,0.3918983303690238,-1.0017920047378066,-0.8949197411519576,-0.9515281916826133,1.2002592485842531,-0.4434150302920398,-0.07769309688655066,0.025049247027213627,0.01790064118742151,-0.24128245568334475,-1.5528231849353085,1.1055415967851334,0.933007822647968,-0.29547828435911055,1.3920735453666704,0.6836433234085789,-1.3057569368751103,-0.515580046947248,-0.2314141927990279,0.169164214971789,1.0115869580809167,-0.9289499628908188,0,1,0,0,1,0,0,3
SITE_079,Udayagiri and Khandagiri Caves,0.2270567280899692,1.2039937570083388,0.16735726335018244,0.03197066363372598,0.7614157778178803,1.1956492990633951,0.9656959139336746,-0.07270550561740713,-0.17741996394631074,-0.07769309688655066,-0.31126827216314673,-0.3351198551533567,-0.19364141619751496,-0.5252922545009157,1.1055415967851334,0.08481889296799706,-0.29082367555103295,1.3810771880504127,-0.17708479616389,-1.330813077815756,-0.515580046947248,-0.9987561933542687,1.0806358843989334,-0.4989686794731958,-0.9289499628908188,0,1,0,0,0,0,0,3
SITE_080,Barabati Fort,0.10056272915405387,1.3184710280302114,0.8068576964804139,0.3614338215464812,0.8701598701340905,1.1776271521649873,1.445001940337747,0.5704366272976321,-0.20439587869363704,-0.07769309688655066,-0.09073943894896826,-0.0653215866204134,0.03018324523868913,-1.2849625577707873,-0.9045340337332909,-0.7633700367119738,-0.25761110228505874,1.401134688484179,-0.9506359477784673,-1.2769423747933675,-0.515580046947248,-0.7564376668631401,0.7135837796836779,1.4908395499153535,-0.9289499628908188,0,0,0,0,0,0,0,3
SITE_081,Victoria Memorial,0.3535507270258853,-0.5969291651650303,1.6701832812062272,1.4405602590622342,2.2009804284800856,1.706276794518295,2.061756018431222,2.3190982253713632,-0.6291096992503792,-0.940949728959335,2.608639545564463,2.6081682008874822,2.501606280639708,-1.379372450951725,-0.9045340337332909,-0.7633700367119738,0.07747224638814822,1.845709456890319,-1.1500259790577103,-1.3057569368751103,-0.515580046947248,-0.9179833511905593,-1.5059729072186387,-0.8993569207525987,0.11481404035729206,0,1,0,0,0,0,1,1
SITE_082,Hazarduari Palace,0.05839806284208134,0.963870700718556,0.96033780043167,2.509313006073759,0.34197427888392856,-0.0538862192262409,-0.13036419056387216,1.2668568067263433,-1.0538235198071213,-0.07769309688655066,-0.8778373386572886,-0.8717211740993542,-0.8714675391042378,-0.5252922545009157,1.1055415967851334,0.933007822647968,0.3306958950165093,1.8318554935609548,-0.5781758829097722,-1.3671444821796923,1.9395630337539331,1.6263611769662922,0.5017282024654769,0.6718636018438473,0.11481404035729206,1,0,0,0,1,0,0,0
SITE_083,Darjeeling Himalayan Railway (Ghum Station),0.2059743949339837,1.3798978563834117,0.8452277224682284,2.7697057689836804,-1.3047219761901054,-1.1292076508312645,-1.1876568958669722,0.9310148349526614,0.3344950693983002,-0.940949728959335,-0.8864551988730731,-0.885642601461177,-0.874908280844881,1.0445466669960737,-0.9045340337332909,0.08481889296799706,0.7978052831105155,1.8315842018508484,0.28653233387432375,-1.2700519360346898,-0.515580046947248,-0.19102777171717308,0.7012665949616894,-1.1177505069050004,0.11481404035729206,0,0,0,0,0,0,0,1
SITE_084,Mahabodhi Temple Bodh Gaya,0.45896239280581513,-0.9431531067921584,0.3400223802953448,-0.16421026818040588,-0.36486232117143524,-0.19205601211403747,-0.07045093726336306,1.2468775392837161,1.3250757527943058,-0.07769309688655066,-0.6285823047238284,-0.6284837330573675,-0.7052532457870094,1.0511334037296272,1.1055415967851334,0.08481889296799706,0.4251456654137615,1.2396618626296552,-0.17862547895548755,-0.22019963062163064,-0.515580046947248,-0.9179833511905593,-0.10181384891195669,1.1147172626528845,1.158578043605403,0,0,0,1,0,0,0,3
SITE_085,Nalanda Mahavihara Ruins,0.3535507270258853,1.5139200273358486,0.19293728067539165,-0.27464411266212246,-0.5616373453626718,-0.8708902119540801,-0.7471182686573472,-0.6368819624496825,0.7002382856236777,0.7855635351862337,-0.8192800833449065,-0.8153132496089092,-0.842618242971152,-0.09715436681991853,1.1055415967851334,-0.7633700367119738,0.49622542075378745,1.3213930118273032,-0.7307034792779245,1.0313546093636274,-0.515580046947248,-0.06986850847160879,0.004113939697143828,-1.5181387481844038,1.158578043605403,0,1,0,0,0,0,1,3
SITE_086,Rajgir (Ajatashatru Fort ruins),0.01623339653010956,0.8158878869585738,0.24409731532581003,0.23274753427884456,0.6500825404465231,0.24047551344775986,0.5604003769008197,-1.3951427315817626,-1.1686279941969056,-0.07769309688655066,-0.13891106784745613,-0.09802378947392336,-0.29307003008738564,1.5978325526145927,-0.9045340337332909,0.08481889296799706,0.4796595387111484,1.3171246889216501,0.2763895054963071,0.736318549787523,-0.515580046947248,-0.4333462982083018,0.4352154049667392,1.0965177971401836,1.158578043605403,0,0,0,0,0,1,0,3
SITE_087,Sher Shah Suri Tomb Sasaram,-0.21567226818573562,-1.4820339191634146,0.6981426228482753,-0.15068507676350112,-1.571403916870334,-1.4716284419010206,-1.3074834024679904,-1.182981939214819,-1.188703093543753,1.6488201672590181,-0.08278449105747485,-0.08296044714527925,-0.04489550402509079,-0.6350712000601456,1.1055415967851334,-0.7633700367119738,0.4661967292072278,1.0633222510613773,-1.1655611972063185,0.0748364289544737,-0.515580046947248,0.21283643910137476,0.07309017414027902,0.1986774985136432,1.158578043605403,0,0,0,1,0,0,0,0
SITE_088,Rock Garden Chandigarh,-0.363248600277638,-0.2730422520299748,-0.13320794022102678,0.1659094524224906,3.2651190461458532,3.2441666631824626,3.580733205050009,0.5675824462343996,0.25670405942926605,-0.940949728959335,-0.8082315446067212,-0.8161838562790958,-0.8209151027609406,0.47150057117689287,-0.9045340337332909,-0.7633700367119738,1.404003433018134,-0.24173556345594185,1.1778173288134766,-0.773940345409903,-0.515580046947248,-0.9179833511905593,-1.2497754650012793,-1.3664765355785693,1.158578043605403,0,0,0,1,0,0,0,1
SITE_089,Kangra Fort,-2.5136465821882066,0.824264272643101,-0.4081931264670263,-0.4842189233551307,-1.2063344640944869,-1.3394660313126938,-1.1665110417609104,-0.5036868461655026,1.2987271849015685,-0.940949728959335,-0.46705266837155934,-0.47432330191467614,-0.37900034945627126,0.26072499570317126,1.1055415967851334,1.7811967523279388,1.621363967253698,-0.3382430677973083,-0.21778449990859064,0.9931439944291425,-0.515580046947248,-0.11025492955346361,-1.4616310422194805,0.5323343662464792,1.158578043605403,0,0,0,0,0,1,0,1
SITE_090,Bhimakali Temple Sarahan,-1.7757649217286975,-0.1055145383394287,0.8580177311308332,-0.196381839997315,0.8649815800237943,1.3338190919511919,0.9375014417922587,-1.0279047681125244,0.313165276342275,-0.940949728959335,-0.8716501569639048,-0.8654008371608516,-0.8634391417094035,-0.8721937224680824,-0.9045340337332909,-0.7633700367119738,1.5274960229574563,-0.06163404017420598,-0.9485817040563375,-0.2916096323024712,-0.515580046947248,-0.9987561933542687,0.5165088241318628,-0.28057509332079394,1.158578043605403,1,0,0,0,0,1,0,3
SITE_091,Leh Palace,-3.314775242115673,2.050008711145596,-0.8174734036703747,-1.0419032723608987,0.17885814040961362,-0.28216674660607854,-0.5779514358088512,0.09569117711330574,-0.18808486047432335,-0.940949728959335,-0.8365158037764756,-0.8445464001343231,-0.804946532118468,-1.5198895012675393,-0.9045340337332909,-0.7633700367119738,1.9557846806451997,-0.10022980746515156,2.6749758315483456,1.526839796464898,-0.515580046947248,-0.9179833511905593,1.4452245521697915,0.30180780308561084,1.158578043605403,0,0,1,0,0,1,0,1
SITE_092,Hemis Monastery,-3.862915904171308,2.586097394955342,-1.2459386938676302,-0.8971968554538217,-0.6652031475685859,-0.7988016243604472,-0.7541668866927013,-0.7500978112912352,0.04152408830524458,-0.07769309688655066,-0.2849727499662657,-0.299105907833884,-0.44031613175747814,0.8184020391440597,1.1055415967851334,0.08481889296799706,1.9140709815700276,-0.0720335557282335,3.068106723870974,-0.30539050981982635,-0.515580046947248,-0.9179833511905593,-0.6142087333466757,-0.5293011219943626,1.158578043605403,0,1,0,0,0,1,0,1
SITE_093,Thiksey Monastery,-4.558632898318845,1.0615952003713742,-1.105248598578979,-0.8614798451101512,-1.2166910443150782,-0.9790230933445294,-0.9550525007002904,-0.2744009674191647,1.1368716964176107,-0.940949728959335,-0.46638975604726823,-0.45426177293817144,-0.35376824335822066,0.3507437310617399,-0.9045340337332909,0.08481889296799706,1.9283095592086272,-0.08720780538010894,2.827888598614397,-0.6981455190644493,-0.515580046947248,0.33399570234693904,0.18394483663817499,0.762860929407348,1.158578043605403,0,0,0,0,0,1,0,3
SITE_094,Alchi Monastery,-4.200233234667084,2.1058512823757773,-1.0540885639285607,-1.228629701437,-1.1079469519988685,-1.297414355216408,-1.3638723467508223,-0.4323323195846921,-1.102129227610473,-0.940949728959335,-0.6763119920727888,-0.6609853206211124,-0.6964308310674113,-1.6801667617840153,1.1055415967851334,0.08481889296799706,1.9756152535879494,-0.16000441425829645,3.142958229496086,1.2831688258171177,-0.515580046947248,-0.4333462982083018,1.2013442946744204,-0.35337295537159424,1.158578043605403,0,0,0,0,0,1,0,3
SITE_095,Kamakhya Temple,0.4378800596498289,-0.501996794073721,0.8260427094743217,1.629912938898899,-0.7376992091127257,-0.8708902119540801,-0.7788370498164403,-1.072620271436499,0.9976006946988563,-0.07769309688655066,-0.019807820249818666,-0.03905181051810019,0.012185519210708982,-0.5779861483693459,-0.9045340337332909,-0.7633700367119738,0.6628054658401108,2.453836954261785,-0.19711367245465766,-0.6467804301361254,-0.515580046947248,0.17245001801951995,1.0880261952321266,-0.4686362369520289,2.2023420468535138,0,1,0,0,0,1,0,1
SITE_096,Rang Ghar Sivasagar,-0.23675460134172188,-1.1302257204132682,0.9283627787751584,2.1056582641750703,0.5439275931854609,0.8412137433947003,1.1489599828528787,-0.12693494581882317,1.3169202436846494,-0.940949728959335,-0.39788881587051944,-0.3864238719226047,-0.27586632138416933,0.29804983719330946,-0.9045340337332909,-0.7633700367119738,0.794686048735658,2.984356936429203,-0.5102574498468491,-0.4951907774452184,-0.515580046947248,-0.47373271929015665,0.5509969413534306,-0.0015166221260582593,2.2023420468535138,0,0,0,1,0,0,0,1
SITE_097,Talatal Ghar,0.01623339653010956,-0.49082827982768457,1.6573932725436233,2.7106151268709904,0.42482692064865957,0.07827619136208576,0.46524403342354054,-0.20780340927707494,-0.16612772056370903,1.6488201672590181,-0.7825989347341313,-0.792825230937151,-0.782272926289101,-0.03128699948438047,1.1055415967851334,0.933007822647968,0.7944112975212917,2.984320764201188,0.6171371829046203,0.6254451261251653,1.9395630337539331,0.9397920185747608,-0.9393824100071706,1.4726400844026535,2.2023420468535138,0,0,0,0,0,0,0,2
SITE_098,Tawang Monastery,-2.661222914280108,-0.49920466551221165,0.9027827614499487,1.3218537246847406,0.5801756239575306,0.6910291859079652,0.5392545227947578,-0.4732422481576901,-0.34931300210369226,2.5120767993318025,-0.5817365004739227,-0.5877626504786775,-0.5399211939417408,0.3222012052163401,1.1055415967851334,0.933007822647968,0.8922065679993497,2.481761914288597,-0.18003777151445183,1.3357867217924737,-0.515580046947248,-0.06986850847160879,0.2750920035808895,-1.2936786735277688,2.2023420468535138,0,0,0,0,0,1,0,3
SITE_099,Rumtek Monastery,-2.1130822522244728,0.26025430321826315,1.7916883635009717,1.815588867670775,-0.22763763324859881,-0.3602627164991806,-0.44402769313712537,-0.5617218611178953,-1.342403072918054,-0.07769309688655066,-0.7277981825927323,-0.7163143806643766,-0.7787439604012617,1.2311708744467644,1.1055415967851334,0.08481889296799706,0.8433008518422515,1.8854265632496974,-0.5220693512490966,-0.5684799896966073,-0.515580046947248,-0.2314141927990279,-0.6536237244570388,-1.1480829494261675,1.158578043605403,0,0,0,0,0,1,0,1
SITE_100,Sivasagar Sivadol,0.01623339653010956,-0.8258837072087762,1.9451684674522276,2.001002171366594,-0.9966137146275108,-0.7747720951625695,-0.5074652554553113,0.08332305917263201,0.35080608761761367,-0.940949728959335,0.012232942090918684,0.009107322756354829,0.2918560658219691,-0.764610355820037,-0.9045340337332909,-0.7633700367119738,0.7973365898624798,2.9840675586050915,-1.2101126079300126,-0.04668585460765849,1.9395630337539331,2.1109982299485495,-1.0502370725050665,0.6597306248353804,2.2023420468535138,0,0,1,0,1,0,0,3
