site_id,site_name,feature_observation_year,target_observation_year,avg_temperature_c,temperature_variance,humidity_pct,annual_rainfall_mm,air_quality_index,pm25,pm10,so2,no2,extreme_weather_events_count,avg_daily_footfall,annual_visitor_count,peak_season_footfall,visitor_growth_rate_pct,physical_contact_allowed,crowd_control_measures,vandalism_incidents_count,latitude,longitude,elevation_m,distance_to_coast_km,soil_type,flood_zone_flag,flood_risk_score,proximity_to_industrial_area_km,vegetation_cover_pct,seismic_zone_rating,condition_risk_label,condition_risk_label_name
SITE_001,Taj Mahal,2024,2025,27.2,13.69,48.6,1000.6,41.4,15.9,23.3,25.01,13.73,1,10726,3882448,20639,2.51,0,Strict (ticketed timed-entry),0,27.1751,78.0421,2088.3,490.3,Alluvial,0,2.3,15.6,27.1,3,0,Relative Low
SITE_002,Agra Fort,2024,2025,26.4,5.2,62.9,1243.3,113.9,42.1,61.5,32.75,26.69,0,3503,1211989,10000,-3.49,1,Basic (barricades/signage),1,27.1795,78.0211,1544.9,383.5,Red-Laterite,1,8.0,130.0,52.3,3,1,Relative Medium
SITE_003,Fatehpur Sikri,2024,2025,26.0,10.29,52.2,1364.5,132.5,46.9,78.7,23.65,12.98,0,2080,750947,6129,3.89,0,No Formal Measures,0,27.0945,77.6679,1104.8,204.3,Alluvial,0,1.3,133.6,45.5,3,1,Relative Medium
SITE_004,Sikandra (Akbar's Tomb),2024,2025,25.7,13.63,68.3,1076.8,120.4,50.6,90.7,4.55,13.13,2,1388,499861,4097,10.43,0,Strict (ticketed timed-entry),0,27.214,77.953,1308.4,514.6,Alluvial,1,8.1,82.0,54.5,3,2,Relative High
SITE_005,Red Fort,2024,2025,26.0,9.67,60.1,1294.2,189.5,77.0,124.2,36.31,73.16,1,20909,7317992,50003,4.97,0,Basic (barricades/signage),0,28.6562,77.241,2129.1,406.0,Rocky-Mountainous,0,0.8,15.3,73.3,4,0,Relative Low
SITE_006,Qutub Minar,2024,2025,24.8,11.21,47.6,1253.3,148.0,65.0,95.8,44.35,33.88,0,7318,2542125,22267,6.08,0,Basic (barricades/signage),0,28.5245,77.1855,917.7,411.7,Alluvial,0,1.9,91.2,79.0,4,0,Relative Low
SITE_007,Humayun's Tomb,2024,2025,27.5,4.82,48.8,827.8,153.9,54.4,77.7,14.12,15.76,2,9348,3354088,19422,7.47,0,Moderate (staff+barricades),1,28.5933,77.2507,1394.8,283.1,Black (Regur),0,1.7,31.0,68.7,4,1,Relative Medium
SITE_008,Jama Masjid Delhi,2024,2025,25.1,8.55,66.3,1300.0,145.2,54.8,83.2,17.6,52.27,1,4467,1588149,13035,6.63,0,Strict (ticketed timed-entry),0,28.6507,77.2334,1867.3,204.4,Alluvial,1,8.5,18.2,53.6,4,2,Relative High
SITE_009,Purana Qila,2024,2025,25.4,8.76,65.8,681.3,146.2,71.5,103.6,45.23,75.64,4,4162,1481922,10130,10.83,1,Basic (barricades/signage),0,28.6089,77.2431,1100.5,100.2,Red-Laterite,0,2.7,65.9,59.0,4,1,Relative Medium
SITE_010,Khajuraho Group of Monuments,2024,2025,25.0,8.9,66.4,1011.4,86.3,35.2,60.5,12.26,14.57,1,1515,544527,3568,2.31,1,Basic (barricades/signage),2,24.8318,79.9199,232.2,475.3,Black (Regur),0,0.9,33.8,35.4,2,2,Relative High
SITE_011,Sanchi Stupa,2024,2025,25.6,7.04,53.2,893.1,77.9,35.3,54.7,33.41,51.07,1,3086,1068850,8208,3.16,1,Basic (barricades/signage),2,23.4793,77.7398,855.5,271.2,Black (Regur),0,1.6,124.2,78.6,2,3,Relative Critical
SITE_012,Gwalior Fort,2024,2025,26.4,12.33,65.1,1122.1,93.3,41.5,64.1,26.78,17.51,2,4180,1488488,9521,8.81,0,No Formal Measures,0,26.2295,78.1694,315.5,178.3,Rocky-Mountainous,0,2.5,72.9,48.7,2,0,Relative Low
SITE_013,Orchha Fort Complex,2024,2025,26.8,4.05,47.1,1180.6,133.6,49.5,93.0,28.83,35.9,3,1783,634518,3805,6.74,1,Basic (barricades/signage),5,25.3506,78.6412,223.6,214.1,Black (Regur),0,3.8,20.5,63.8,2,1,Relative Medium
SITE_014,Mandu (Jahaz Mahal),2024,2025,27.2,4.05,49.3,1092.9,96.5,42.1,68.7,20.2,43.9,2,4188,1386752,9844,9.93,0,Basic (barricades/signage),0,22.3369,75.4173,768.6,343.9,Rocky-Mountainous,1,8.7,128.1,31.5,2,2,Relative High
SITE_015,Bhimbetka Rock Shelters,2024,2025,28.4,4.32,47.2,693.7,105.8,43.7,78.1,24.81,23.68,2,4155,1474337,10203,10.28,1,No Formal Measures,2,22.9358,77.6094,272.6,148.4,Rocky-Mountainous,0,2.1,138.6,56.2,2,1,Relative Medium
SITE_016,Chanderi Fort,2024,2025,25.9,6.46,48.7,726.1,133.6,55.5,88.3,26.62,33.99,2,1623,543514,4876,-0.38,0,Strict (ticketed timed-entry),0,24.7186,78.1367,964.3,446.1,Black (Regur),1,8.9,56.9,35.4,2,2,Relative High
SITE_017,Amber Fort,2024,2025,25.6,13.85,43.8,337.1,51.8,24.7,42.4,7.78,35.65,1,14903,5185202,43672,1.68,0,Basic (barricades/signage),1,26.9855,75.8513,736.4,414.4,Alluvial,1,8.5,110.6,70.7,2,0,Relative Low
SITE_018,City Palace Udaipur,2024,2025,26.3,12.08,31.5,168.1,84.2,33.3,61.9,28.22,13.2,2,8186,2814109,24967,-3.96,0,Moderate (staff+barricades),0,24.5764,73.6835,2150.6,378.2,Alluvial,0,0.5,122.4,55.0,2,0,Relative Low
SITE_019,Chittorgarh Fort,2024,2025,27.8,4.17,36.6,449.6,105.0,38.2,70.6,4.9,19.32,0,1724,596678,3541,4.47,0,Basic (barricades/signage),0,24.8887,74.6455,1264.2,277.9,Alluvial,0,2.8,80.2,50.1,2,2,Relative High
SITE_020,Kumbhalgarh Fort,2024,2025,27.5,5.18,36.4,414.3,43.6,15.3,21.8,22.78,45.67,0,4299,1444998,12341,1.77,0,No Formal Measures,0,25.1487,73.5843,942.0,358.3,Sandy-Arid,0,0.4,25.5,29.5,2,2,Relative High
SITE_021,Jaisalmer Fort,2024,2025,27.5,3.63,43.2,370.4,117.2,53.3,97.0,5.24,17.48,0,2736,906033,5787,7.58,0,No Formal Measures,2,26.9128,70.9126,1064.4,343.7,Alluvial,0,0.1,36.3,36.3,2,3,Relative Critical
SITE_022,Mehrangarh Fort,2024,2025,26.2,11.2,41.3,302.0,55.5,25.5,38.2,12.39,41.37,2,17174,6072646,43538,6.44,0,Basic (barricades/signage),0,26.2979,73.0182,2150.3,357.9,Sandy-Arid,0,3.7,146.9,15.9,2,2,Relative High
SITE_023,Hawa Mahal,2024,2025,26.6,3.47,37.7,403.7,57.3,20.8,31.0,34.38,29.55,2,7159,2599205,17348,6.81,0,Strict (ticketed timed-entry),0,26.9239,75.8267,250.7,126.9,Sandy-Arid,1,5.8,91.8,32.8,2,0,Relative Low
SITE_024,Ranthambore Fort,2024,2025,24.8,13.41,34.5,170.5,110.0,49.2,92.0,8.6,31.89,1,4097,1479262,7654,8.07,1,Basic (barricades/signage),1,26.0173,76.4536,1251.3,273.1,Sandy-Arid,0,3.2,98.4,31.6,2,3,Relative Critical
SITE_025,Junagarh Fort Bikaner,2024,2025,24.4,4.48,27.6,161.2,82.8,36.6,62.9,16.77,27.21,0,1108,370175,2154,6.2,1,No Formal Measures,4,28.0181,73.3119,2095.1,100.3,Sandy-Arid,0,0.9,74.1,33.6,2,1,Relative Medium
SITE_026,Nagaur Fort,2024,2025,26.4,6.49,30.5,64.4,87.4,33.5,56.5,21.54,40.99,2,4261,1417335,12083,11.82,0,Basic (barricades/signage),0,27.202,73.7339,925.5,281.7,Alluvial,0,0.7,58.3,60.9,2,0,Relative Low
SITE_027,Ranakpur Jain Temple,2024,2025,27.5,9.04,35.7,222.6,76.1,32.5,57.5,31.48,51.29,1,2089,739050,6013,11.97,1,No Formal Measures,1,25.1136,73.4886,1529.3,218.2,Sandy-Arid,0,2.9,37.8,33.4,2,0,Relative Low
SITE_028,Dilwara Temples,2024,2025,27.7,6.46,32.4,385.0,51.6,18.6,33.9,5.72,21.19,0,1601,546753,4520,-1.06,1,No Formal Measures,2,24.6167,72.7167,535.2,118.7,Sandy-Arid,0,2.1,83.6,20.9,2,1,Relative Medium
SITE_029,Bharatpur Lohagarh Fort,2024,2025,24.8,6.45,20.4,347.1,122.7,58.7,93.1,8.76,36.24,0,627,219170,1376,5.55,1,Strict (ticketed timed-entry),1,27.2152,77.49,2189.4,104.4,Sandy-Arid,0,1.7,24.0,24.8,2,1,Relative Medium
SITE_030,Deeg Palace,2024,2025,25.5,13.54,39.3,448.2,71.1,32.2,56.4,16.02,38.12,0,743,270047,2357,7.83,1,No Formal Measures,2,27.4761,77.3272,617.3,342.4,Sandy-Arid,1,8.9,78.3,32.4,2,0,Relative Low
SITE_031,Golconda Fort,2024,2025,26.4,8.78,49.1,731.0,123.6,61.6,103.4,30.01,54.55,0,13219,4576390,39088,6.94,0,Moderate (staff+barricades),0,17.3833,78.4011,1124.9,157.1,Black (Regur),0,2.6,120.5,48.5,2,0,Relative Low
SITE_032,Charminar,2024,2025,27.3,7.32,63.9,664.0,192.1,80.8,119.2,14.41,75.95,0,11947,3961603,34666,2.93,0,Basic (barricades/signage),0,17.3616,78.4747,1457.8,505.1,Rocky-Mountainous,0,1.4,16.9,62.0,2,2,Relative High
SITE_033,Qutb Shahi Tombs,2024,2025,26.5,6.21,59.7,992.2,89.3,32.4,49.3,30.15,37.97,2,3145,1063448,5943,8.28,1,Basic (barricades/signage),2,17.3963,78.3959,2119.2,325.9,Black (Regur),0,3.2,83.3,65.5,2,2,Relative High
SITE_034,Warangal Fort,2024,2025,25.7,7.03,53.5,1031.6,124.4,52.5,93.7,30.41,31.73,3,3911,1419239,10658,2.91,0,Basic (barricades/signage),0,17.9483,79.6011,1092.4,222.2,Black (Regur),0,0.5,41.8,59.5,2,0,Relative Low
SITE_035,Ramappa Temple,2024,2025,27.4,8.85,55.0,684.0,131.7,58.6,87.2,14.5,17.01,0,2863,976627,5571,2.64,1,Basic (barricades/signage),2,18.2528,79.95,1681.9,335.8,Rocky-Mountainous,0,0.4,144.1,33.5,2,2,Relative High
SITE_036,Mysore Palace,2024,2025,29.8,7.93,60.0,846.0,140.9,55.2,96.7,35.47,81.22,1,15943,5516608,29149,-0.01,1,Basic (barricades/signage),1,12.3052,76.6552,555.2,69.5,Red-Laterite,0,3.5,117.7,63.9,2,1,Relative Medium
SITE_037,Hampi (Virupaksha Temple Complex),2024,2025,28.9,12.94,69.1,1176.6,118.2,56.7,82.6,26.7,28.68,1,14464,4773621,29312,-2.5,0,Basic (barricades/signage),0,15.335,76.46,509.1,488.3,Red-Laterite,0,0.6,51.9,42.0,2,0,Relative Low
SITE_038,Belur Chennakeshava Temple,2024,2025,30.1,13.83,63.3,830.6,115.0,46.2,67.5,5.27,44.54,2,1498,495610,4670,-2.27,1,No Formal Measures,4,13.1629,75.8628,410.9,287.1,Red-Laterite,0,0.3,80.0,68.0,2,2,Relative High
SITE_039,Halebidu Hoysaleswara Temple,2024,2025,30.1,7.53,47.1,1234.9,95.5,44.9,83.6,29.5,9.74,1,4885,1646931,13054,2.72,1,Strict (ticketed timed-entry),0,13.2135,75.9938,1683.4,412.9,Alluvial,0,3.3,47.5,44.8,2,3,Relative Critical
SITE_040,Pattadakal Monuments,2024,2025,26.2,10.43,64.3,1170.6,126.5,58.3,105.0,5.52,19.02,2,4986,1711541,13503,11.49,1,Strict (ticketed timed-entry),2,15.9485,75.8163,511.5,114.7,Red-Laterite,0,1.0,116.5,42.3,2,3,Relative Critical
SITE_041,Badami Cave Temples,2024,2025,27.8,10.45,55.0,623.7,129.6,58.4,88.7,30.44,24.36,1,2900,1025361,7072,-1.52,1,Moderate (staff+barricades),0,15.9174,75.6767,709.2,287.6,Red-Laterite,0,1.2,64.9,38.0,2,3,Relative Critical
SITE_042,Aihole Temple Complex,2024,2025,28.1,7.37,67.2,819.9,58.8,21.3,33.5,26.25,45.95,1,3689,1346406,6678,-1.42,0,No Formal Measures,0,16.0209,75.8816,1714.5,304.5,Alluvial,0,2.6,132.1,79.9,2,3,Relative Critical
SITE_043,Bidar Fort,2024,2025,27.1,4.51,69.9,1059.9,110.1,48.4,77.3,32.37,31.36,0,3578,1254393,8269,7.16,0,No Formal Measures,0,17.9184,77.5199,1407.7,500.6,Alluvial,0,3.2,77.2,29.5,2,2,Relative High
SITE_044,Gol Gumbaz,2024,2025,27.1,3.74,45.4,761.6,85.3,38.0,59.7,17.03,53.08,2,4468,1578719,10993,1.15,1,No Formal Measures,0,16.8302,75.7361,182.4,321.1,Red-Laterite,0,1.6,91.7,55.4,2,0,Relative Low
SITE_045,Brihadeeswarar Temple Thanjavur,2024,2025,29.5,5.59,67.7,860.3,93.0,42.9,72.7,24.26,22.07,0,4939,1668329,14524,-1.3,1,Basic (barricades/signage),3,10.7828,79.1318,1865.1,33.6,Red-Laterite,0,3.2,129.5,79.7,2,2,Relative High
SITE_046,Meenakshi Amman Temple,2024,2025,27.0,4.71,52.1,1299.5,96.1,45.1,80.8,17.59,30.38,5,8457,3020705,16974,10.61,0,Basic (barricades/signage),0,9.9195,78.1193,1939.5,32.6,Alluvial,1,6.6,51.2,58.3,2,0,Relative Low
SITE_047,Shore Temple Mahabalipuram,2024,2025,28.4,4.12,68.9,1122.3,91.3,37.9,53.7,33.75,12.84,0,553,187289,1703,8.76,0,No Formal Measures,0,12.6169,80.1927,2074.6,16.7,Red-Laterite,0,1.2,37.9,35.7,2,1,Relative Medium
SITE_048,Rock Fort Temple Tiruchirappalli,2024,2025,26.9,3.72,57.9,964.1,71.3,25.5,37.1,15.92,10.84,1,1657,578297,3725,0.54,0,No Formal Measures,0,10.8267,78.696,1.7,13.0,Alluvial,0,3.3,107.0,35.6,2,3,Relative Critical
SITE_049,Gingee Fort,2024,2025,27.3,7.34,45.0,933.3,51.2,24.5,34.3,19.75,31.01,0,3428,1146619,10636,4.09,0,Basic (barricades/signage),1,12.2547,79.4152,509.7,27.9,Alluvial,1,8.7,33.9,62.3,2,2,Relative High
SITE_050,Fort St. George Chennai,2024,2025,27.9,11.59,51.5,1273.0,178.7,69.0,113.2,37.77,28.09,0,4437,1559499,9714,-2.41,0,No Formal Measures,0,13.0799,80.287,24.4,7.3,Red-Laterite,1,8.9,7.4,48.6,2,2,Relative High
SITE_051,Airavatesvara Temple Darasuram,2024,2025,29.6,3.53,62.8,968.6,55.0,19.6,28.8,32.48,8.44,0,773,269940,1564,5.77,0,Moderate (staff+barricades),0,10.9256,79.4744,13.0,9.6,Red-Laterite,0,3.1,66.1,70.9,2,2,Relative High
SITE_052,Padmanabhapuram Palace,2024,2025,25.6,4.22,71.0,2668.2,96.9,42.5,77.6,4.15,48.11,1,2970,1038624,7312,6.48,1,Strict (ticketed timed-entry),0,8.2456,77.3283,6.4,2.3,Red-Laterite,0,4.0,20.2,36.4,3,2,Relative High
SITE_053,Mattancherry Palace,2024,2025,28.8,12.41,88.0,2156.0,85.4,37.6,71.2,15.21,46.22,3,4231,1484206,9066,7.93,1,Moderate (staff+barricades),1,9.9584,76.2597,1213.8,31.9,Alluvial,1,6.6,115.9,45.4,3,3,Relative Critical
SITE_054,Bekal Fort,2024,2025,27.8,6.49,65.7,1909.4,74.6,26.3,39.0,26.48,41.28,3,857,305331,1894,10.23,0,Basic (barricades/signage),0,12.3897,75.0325,537.1,27.3,Red-Laterite,0,1.9,131.3,60.3,3,1,Relative Medium
SITE_055,Hill Palace Tripunithura,2024,2025,26.2,4.58,69.3,2770.3,90.7,45.2,63.4,4.51,54.67,1,1859,675161,3584,1.22,1,Basic (barricades/signage),2,9.9491,76.3468,1565.3,28.8,Alluvial,0,1.6,139.7,38.5,3,2,Relative High
SITE_056,Elephanta Caves,2024,2025,28.9,12.68,60.5,1029.0,67.3,24.1,40.9,13.14,39.19,1,1913,640750,4158,9.75,0,Basic (barricades/signage),1,18.9633,72.9315,1646.1,384.2,Rocky-Mountainous,0,1.9,42.1,35.2,3,1,Relative Medium
SITE_057,Ajanta Caves,2024,2025,27.5,5.54,51.3,1299.1,101.1,43.8,70.0,25.01,42.11,3,10062,3401495,31992,7.3,0,No Formal Measures,0,20.5519,75.7033,1100.8,196.0,Black (Regur),0,3.6,123.4,39.6,3,3,Relative Critical
SITE_058,Ellora Caves,2024,2025,27.2,3.14,58.0,1236.8,80.8,29.4,54.2,16.25,40.08,0,16168,5550315,50023,8.24,0,Moderate (staff+barricades),1,20.0258,75.178,712.0,370.4,Black (Regur),0,3.8,69.3,37.4,3,2,Relative High
SITE_059,Gateway of India,2024,2025,29.2,4.96,66.5,759.6,249.5,95.3,155.8,40.11,73.92,1,16280,5895855,34971,10.18,1,Moderate (staff+barricades),3,18.922,72.8347,1885.7,384.5,Black (Regur),1,5.6,16.3,68.1,3,1,Relative Medium
SITE_060,Chhatrapati Shivaji Maharaj Terminus,2024,2025,28.3,11.04,59.2,1226.4,152.6,74.1,135.8,43.11,19.04,0,633,213665,1378,5.56,1,No Formal Measures,2,18.9398,72.8355,582.4,402.2,Rocky-Mountainous,0,3.4,6.5,27.8,3,1,Relative Medium
SITE_061,Raigad Fort,2024,2025,28.4,3.25,54.4,1383.4,111.9,54.1,86.4,13.89,36.61,1,2343,788110,6617,3.18,1,Strict (ticketed timed-entry),4,18.235,73.44,1928.2,125.9,Black (Regur),0,3.0,32.3,67.9,3,2,Relative High
SITE_062,Shaniwar Wada,2024,2025,27.8,13.29,49.9,974.1,77.7,31.8,46.6,9.05,40.17,0,3249,1141400,7064,-0.45,1,Basic (barricades/signage),2,18.5195,73.8553,2073.9,482.1,Rocky-Mountainous,0,3.5,86.2,66.0,3,0,Relative Low
SITE_063,Daulatabad Fort,2024,2025,29.0,5.68,63.8,679.1,128.1,50.2,75.4,9.76,32.53,1,1423,492182,3650,10.71,0,Moderate (staff+barricades),2,19.9438,75.2205,1832.0,177.1,Rocky-Mountainous,0,0.5,47.2,52.7,3,0,Relative Low
SITE_064,Basilica of Bom Jesus,2024,2025,26.0,8.3,81.3,3143.1,89.6,32.8,50.1,13.14,43.95,5,713,237375,1672,0.12,1,Strict (ticketed timed-entry),0,15.5009,73.9114,1185.8,31.1,Red-Laterite,0,3.1,138.3,38.6,3,1,Relative Medium
SITE_065,Se Cathedral Goa,2024,2025,26.4,6.35,67.4,2574.1,124.6,55.1,92.1,9.12,19.9,2,4817,1717883,12993,6.82,1,Basic (barricades/signage),0,15.5033,73.9122,1659.9,26.1,Alluvial,0,0.8,122.4,77.8,3,2,Relative High
SITE_066,Fort Aguada,2024,2025,28.8,6.26,75.1,2319.8,116.0,54.0,81.2,33.19,13.67,1,4719,1607115,10180,7.38,0,Basic (barricades/signage),0,15.4919,73.7736,1629.8,23.0,Alluvial,0,1.4,101.2,51.1,3,2,Relative High
SITE_067,Rani ki Vav,2024,2025,25.6,12.31,30.3,121.8,85.0,32.9,57.7,30.39,49.11,0,1217,430290,2651,0.37,1,Basic (barricades/signage),1,23.8637,72.1091,2172.6,446.7,Sandy-Arid,0,3.5,53.3,29.7,4,0,Relative Low
SITE_068,Modhera Sun Temple,2024,2025,26.7,5.73,24.0,147.9,134.0,64.7,115.7,20.05,31.06,1,1356,456640,3469,-1.94,0,Strict (ticketed timed-entry),0,23.5859,72.1316,934.7,427.3,Alluvial,0,1.2,119.0,43.5,4,3,Relative Critical
SITE_069,Champaner-Pavagadh Archaeological Park,2024,2025,26.5,4.45,43.8,100.3,88.2,43.5,64.5,21.19,17.76,0,4554,1518490,8471,7.54,0,Moderate (staff+barricades),0,22.487,73.533,1393.0,195.9,Sandy-Arid,0,0.1,44.7,27.8,4,0,Relative Low
SITE_070,Somnath Temple,2024,2025,25.1,4.31,28.0,416.7,100.8,42.3,67.7,20.49,16.8,3,2009,689446,4469,-1.23,0,No Formal Measures,1,20.888,70.4012,1305.2,497.4,Sandy-Arid,1,6.4,131.8,10.8,4,0,Relative Low
SITE_071,Lakhota Fort,2024,2025,25.4,13.13,21.3,186.6,74.2,34.8,59.6,27.28,45.3,0,1917,680362,5754,-1.06,1,Basic (barricades/signage),1,22.2394,68.9678,962.7,191.1,Alluvial,1,8.0,49.8,72.7,4,0,Relative Low
SITE_072,Junagadh Uparkot Fort,2024,2025,28.6,7.82,20.1,305.6,139.3,54.6,78.1,18.21,14.06,0,1337,456734,2538,-3.09,0,Basic (barricades/signage),2,21.5262,70.4579,1679.4,299.3,Alluvial,1,7.1,120.2,38.5,4,3,Relative Critical
SITE_073,Adalaj Stepwell,2024,2025,27.2,7.32,28.0,418.7,112.6,47.2,81.7,22.59,30.22,1,3717,1304771,10284,-2.46,1,No Formal Measures,5,23.1666,72.5794,623.0,199.6,Sandy-Arid,0,2.8,100.8,28.6,4,0,Relative Low
SITE_074,Dholavira,2024,2025,25.3,10.46,21.0,388.4,85.0,41.1,72.9,34.75,32.98,1,680,245034,1571,-3.93,0,Strict (ticketed timed-entry),0,23.8859,70.2131,1239.8,482.1,Sandy-Arid,0,2.6,42.2,32.2,4,3,Relative Critical
SITE_075,Lothal,2024,2025,28.6,7.03,30.1,345.4,96.2,44.1,73.0,32.12,27.71,1,2711,911118,5098,-2.71,0,Moderate (staff+barricades),0,22.523,72.2492,1814.1,128.3,Sandy-Arid,0,0.6,146.3,32.6,4,3,Relative Critical
SITE_076,Konark Sun Temple,2024,2025,26.8,7.84,47.3,700.6,106.7,47.8,82.8,4.61,23.35,0,10613,3574734,19502,4.85,0,Moderate (staff+barricades),0,19.8876,86.0945,27.7,12.7,Alluvial,1,5.8,27.2,31.6,2,0,Relative Low
SITE_077,Jagannath Temple Puri,2024,2025,28.3,12.47,61.7,797.3,52.9,20.7,30.4,12.79,39.71,1,14880,4959406,29998,10.91,0,Strict (ticketed timed-entry),1,19.8048,85.8181,2.1,13.2,Rocky-Mountainous,1,5.5,126.7,56.9,2,2,Relative High
SITE_078,Lingaraj Temple,2024,2025,27.3,10.72,60.3,1362.3,65.5,29.1,45.4,34.26,26.78,1,4677,1611622,8442,-3.0,1,No Formal Measures,2,20.2372,85.8344,1737.6,27.2,Red-Laterite,0,2.6,85.5,64.2,2,3,Relative Critical
SITE_079,Udayagiri and Khandagiri Caves,2024,2025,26.7,12.63,56.1,1088.2,133.6,63.9,99.8,20.88,31.02,1,3155,1057320,8982,1.68,1,No Formal Measures,1,20.266,85.7736,1067.2,23.2,Alluvial,0,0.7,122.5,39.3,2,3,Relative Critical
SITE_080,Barabati Fort,2024,2025,26.1,13.04,66.1,1339.1,137.8,63.6,113.4,27.64,30.59,1,4153,1480949,11519,-1.78,0,Basic (barricades/signage),0,20.4715,85.8845,464.7,31.8,Alluvial,0,1.3,107.6,72.1,2,3,Relative Critical
SITE_081,Victoria Memorial,2024,2025,27.3,6.18,79.6,2160.9,189.2,72.4,130.9,46.02,23.82,0,16369,5678781,39532,-2.21,0,No Formal Measures,0,22.5448,88.3426,309.4,27.2,Sandy-Arid,0,0.9,17.5,32.7,3,1,Relative Medium
SITE_082,Hazarduari Palace,2024,2025,25.9,11.77,68.5,2974.8,117.4,43.1,68.7,34.96,17.05,1,591,214765,1299,1.68,1,Moderate (staff+barricades),2,24.1116,88.266,754.8,17.4,Red-Laterite,1,7.2,99.0,58.6,3,0,Relative Low
SITE_083,Darjeeling Himalayan Railway (Ghum Station),2024,2025,26.6,13.26,66.7,3173.1,53.8,25.2,38.7,31.43,39.18,0,552,192906,1260,8.83,0,Basic (barricades/signage),1,27.0018,88.2645,1428.3,32.9,Alluvial,0,2.7,107.1,29.1,3,1,Relative Medium
SITE_084,Mahabodhi Temple Bodh Gaya,2024,2025,27.8,4.94,58.8,938.8,90.1,40.8,70.4,34.75,54.97,1,1719,596689,3183,8.86,1,Basic (barricades/signage),1,24.696,84.9917,1066.0,200.5,Black (Regur),0,0.9,74.5,65.9,4,3,Relative Critical
SITE_085,Nalanda Mahavihara Ruins,2024,2025,27.3,13.74,56.5,854.7,82.5,29.5,51.2,14.95,45.01,2,856,303335,1626,3.63,1,No Formal Measures,0,25.1358,85.4436,636.0,400.3,Sandy-Arid,0,3.0,78.8,22.5,4,3,Relative Critical
SITE_086,Rajgir (Ajatashatru Fort ruins),2024,2025,25.7,11.24,57.3,1241.1,129.3,48.0,88.3,6.98,15.22,1,3935,1429601,7855,11.35,0,Basic (barricades/signage),1,25.0333,85.42,1420.4,353.2,Rocky-Mountainous,0,2.1,96.3,65.6,4,3,Relative Critical
SITE_087,Sher Shah Suri Tomb Sasaram,2024,2025,24.6,3.01,64.4,949.1,43.5,19.5,35.3,9.21,14.9,3,4189,1453253,10668,1.18,1,Basic (barricades/signage),0,24.95,84.0167,297.3,247.6,Black (Regur),0,3.7,81.6,50.8,4,0,Relative Low
SITE_088,Rock Garden Chandigarh,2024,2025,23.9,7.34,51.4,1190.2,230.3,98.0,174.0,27.61,37.94,0,906,301968,1872,6.22,0,Basic (barricades/signage),0,30.7526,76.8009,2122.5,112.1,Black (Regur),0,0.9,27.9,25.0,4,1,Relative Medium
SITE_089,Kangra Fort,2024,2025,13.7,11.27,47.1,695.1,57.6,21.7,39.3,16.35,54.55,0,2450,838747,6881,5.26,1,Basic (barricades/signage),3,32.0975,76.2673,1035.5,394.2,Rocky-Mountainous,0,2.9,19.3,56.3,4,1,Relative Medium
SITE_090,Bhimakali Temple Sarahan,2024,2025,17.2,7.94,66.9,914.3,137.6,66.2,99.0,10.84,38.84,0,619,224689,1390,0.1,0,Moderate (staff+barricades),0,31.5167,77.7967,466.3,189.1,Rocky-Mountainous,0,0.7,99.6,42.9,4,3,Relative Critical
SITE_091,Leh Palace,2024,2025,9.9,15.66,40.7,270.4,111.1,39.3,56.0,22.65,30.85,0,778,257434,2053,-2.85,0,Strict (ticketed timed-entry),0,34.1667,77.5833,3288.6,479.4,Rocky-Mountainous,0,0.9,137.3,52.5,4,1,Relative Medium
SITE_092,Hemis Monastery,2024,2025,7.3,17.58,34.0,380.6,78.5,30.7,51.0,13.76,34.51,1,3274,1113868,6186,7.8,1,No Formal Measures,1,33.9086,77.7392,3594.8,186.9,Rocky-Mountainous,0,0.9,53.7,38.8,4,1,Relative Medium
SITE_093,Thiksey Monastery,2024,2025,4.0,12.12,36.2,407.8,57.2,27.7,45.3,18.76,51.97,0,2453,870247,7167,5.67,0,Basic (barricades/signage),1,33.9967,77.6553,3407.7,124.2,Rocky-Mountainous,0,4.0,86.1,60.1,4,3,Relative Critical
SITE_094,Alchi Monastery,2024,2025,5.7,15.86,37.0,128.2,61.4,22.4,33.7,17.1,16.28,0,1503,545656,3283,-3.58,1,Basic (barricades/signage),1,34.2894,77.2528,3653.1,440.5,Rocky-Mountainous,0,2.1,127.4,41.7,4,3,Relative Critical
SITE_095,Kamakhya Temple,2024,2025,27.7,6.52,66.4,2305.1,75.7,29.5,50.3,10.37,49.75,1,4474,1522197,11315,1.44,0,No Formal Measures,0,26.1665,91.705,1051.6,132.4,Rocky-Mountainous,0,3.6,122.8,39.8,5,1,Relative Medium
SITE_096,Rang Ghar Sivasagar,2024,2025,24.5,4.27,68.0,2667.4,125.2,58.0,105.0,20.31,54.84,0,2763,976764,8050,5.43,0,Basic (barricades/signage),0,26.9825,94.6383,807.7,156.6,Black (Regur),0,2.0,101.0,47.5,5,1,Relative Medium
SITE_097,Talatal Ghar,2024,2025,25.7,6.56,79.4,3128.1,120.6,45.3,85.6,19.46,31.2,3,1022,338645,2310,3.93,1,Basic (barricades/signage),2,26.9808,94.6381,1685.8,335.5,Alluvial,1,5.5,40.5,71.8,5,2,Relative High
SITE_098,Tawang Monastery,2024,2025,13.0,6.53,67.6,2070.5,126.6,55.5,87.7,16.67,28.28,4,1931,660628,5057,5.54,1,Basic (barricades/signage),2,27.5859,91.8594,1064.9,448.9,Rocky-Mountainous,0,3.0,89.8,26.2,5,3,Relative Critical
SITE_099,Rumtek Monastery,2024,2025,15.6,9.25,81.5,2446.5,95.4,38.0,59.8,15.74,12.45,1,1270,458780,2350,9.68,1,Basic (barricades/signage),1,27.2833,88.5622,798.5,144.9,Rocky-Mountainous,0,2.6,52.1,28.6,4,1,Relative Medium
SITE_100,Sivasagar Sivadol,2024,2025,25.7,5.36,83.9,2587.7,65.7,31.1,58.0,22.52,39.44,0,4619,1597815,14485,0.59,0,Strict (ticketed timed-entry),0,26.9989,94.6367,262.6,228.2,Red-Laterite,1,8.4,36.0,58.4,5,3,Relative Critical
